customer_id,customer_taxonomies,recency_days,total_spend,p_buy_treatment,p_buy_control,uplift_score,uplift_segment,expected_incremental_revenue,expected_incremental_profit,recommended_action
C0508,Occasional,18,3283.71,0.6628,0.1293,0.5335,Persuadal,65.49,17.04,TARGET
C0781,Price Sensitive,34,5813.13,0.665,0.1415,0.5235,Persuadal,63.79,16.24,TARGET
C0298,Frequent Shopper,7,6007.74,0.6551,0.1377,0.5175,Persuadal,63.13,16.12,TARGET
C0524,Occasional,16,3550.08,0.6071,0.1156,0.4915,Persuadal,60.46,15.78,TARGET
C0923,Occasional,3,3560.0699999999997,0.6787,0.1629,0.5158,Persuadal,62.09,15.23,TARGET
C0215,Price Sensitive,11,2985.04,0.6977,0.1735,0.5241,Persuadal,62.83,15.22,TARGET
C0550,Price Sensitive,41,2328.48,0.6971,0.1815,0.5156,Persuadal,61.46,14.61,TARGET
C0504,Occasional,11,2654.33,0.6046,0.1355,0.4691,Persuadal,56.88,14.21,TARGET
C0541,Occasional,63,2455.4,0.6198,0.1472,0.4726,Persuadal,56.95,13.97,TARGET
C0509,Occasional,21,4440.07,0.5478,0.1084,0.4394,Persuadal,53.89,13.89,TARGET
C0962,Price Sensitive,30,1830.83,0.6302,0.1619,0.4683,Persuadal,55.92,13.32,TARGET
C0531,Occasional,16,1545.8899999999999,0.5644,0.1255,0.439,Persuadal,53.27,13.31,TARGET
C0155,Occasional,13,4484.83,0.6371,0.166,0.4711,Persuadal,56.15,13.3,TARGET
C0679,Occasional,49,3264.74,0.5789,0.1414,0.4375,Persuadal,52.56,12.73,TARGET
C0187,Occasional,4,2551.6099999999997,0.6504,0.1872,0.4633,Persuadal,54.43,12.29,TARGET
C0054,Occasional,16,4268.4800000000005,0.6442,0.1869,0.4573,Persuadal,53.66,12.05,TARGET
C0451,Price Sensitive,30,5082.92,0.5987,0.1616,0.437,Persuadal,51.83,12.05,TARGET
C0814,Occasional,45,3476.57,0.5532,0.1414,0.4119,Persuadal,49.21,11.69,TARGET
C0669,High Value,15,20236.41,0.6832,0.2137,0.4694,Persuadal,54.37,11.67,TARGET
C0220,Occasional,7,3663.87,0.5736,0.16,0.4137,Persuadal,48.84,11.15,TARGET
C0997,Occasional,1,3220.01,0.6233,0.1914,0.4319,Persuadal,50.2,10.87,TARGET
C0070,Occasional,13,3414.25,0.5642,0.16,0.4042,Persuadal,47.6,10.76,TARGET
C0708,Occasional,71,3590.91,0.5778,0.1683,0.4095,Persuadal,48.02,10.71,TARGET
C0127,Occasional,24,5144.85,0.5375,0.1466,0.3909,Persuadal,46.29,10.66,TARGET
C0911,Price Sensitive,7,3903.99,0.6314,0.1989,0.4326,Persuadal,50.04,10.65,TARGET
C0400,Price Sensitive,13,6294.53,0.4913,0.1214,0.3699,Persuadal,44.38,10.63,TARGET
C0808,Occasional,5,2348.58,0.6619,0.2166,0.4453,Persuadal,51.13,10.6,TARGET
C0674,Price Sensitive,6,7444.22,0.5866,0.1749,0.4117,Persuadal,48.09,10.58,TARGET
C0116,Occasional,88,3016.15,0.5888,0.1762,0.4125,Persuadal,48.16,10.57,TARGET
C0510,Price Sensitive,2,5542.28,0.5671,0.1647,0.4023,Persuadal,47.2,10.54,TARGET
C0233,Price Sensitive,13,2276.21,0.6034,0.1908,0.4126,Persuadal,47.69,10.1,TARGET
C0716,Occasional,21,2963.67,0.5485,0.1624,0.3861,Persuadal,45.15,9.95,TARGET
C0718,Occasional,53,2443.5499999999997,0.6486,0.2225,0.426,Persuadal,48.41,9.61,TARGET
C0499,Occasional,37,2524.69,0.6419,0.2206,0.4213,Persuadal,47.86,9.49,TARGET
C0517,Frequent Shopper,24,14547.72,0.6545,0.2283,0.4262,Persuadal,48.24,9.43,TARGET
C0036,Occasional,9,3986.29,0.5833,0.1891,0.3941,Persuadal,45.33,9.4,TARGET
C0736,Occasional,18,2569.33,0.6138,0.2064,0.4074,Persuadal,46.5,9.38,TARGET
C0501,Price Sensitive,25,8306.18,0.6517,0.2277,0.424,Persuadal,47.98,9.36,TARGET
C0227,Occasional,49,2983.14,0.583,0.19,0.3929,Persuadal,45.15,9.33,TARGET
C0359,Occasional,36,3112.8,0.5028,0.1457,0.3571,Persuadal,41.91,9.31,TARGET
C0569,Occasional,21,3774.88,0.5491,0.1728,0.3763,Persuadal,43.53,9.21,TARGET
C0352,Occasional,56,2373.81,0.6879,0.2505,0.4375,Persuadal,48.99,9.17,TARGET
C0082,Price Sensitive,26,1198.9,0.5798,0.1908,0.389,Persuadal,44.61,9.14,TARGET
C0892,Occasional,56,1564.64,0.5417,0.1703,0.3714,Persuadal,42.98,9.09,TARGET
C0224,Frequent Shopper,14,7442.96,0.6154,0.2114,0.404,Persuadal,45.89,9.08,TARGET
C0108,Price Sensitive,19,3482.86,0.6261,0.2177,0.4084,Persuadal,46.27,9.05,TARGET
C0916,Frequent Shopper,28,6673.52,0.5758,0.1915,0.3842,Persuadal,43.96,8.92,TARGET
C0250,Occasional,5,2879.83,0.5816,0.1968,0.3848,Persuadal,43.86,8.77,TARGET
C0797,Occasional,15,3155.02,0.4965,0.1499,0.3466,Persuadal,40.4,8.75,TARGET
C0513,Occasional,40,3057.34,0.54,0.1741,0.3659,Persuadal,42.14,8.74,TARGET
C0815,Occasional,95,5222.62,0.5867,0.2,0.3867,Persuadal,44.0,8.74,TARGET
C0074,Occasional,41,3780.68,0.5991,0.2082,0.3909,Persuadal,44.29,8.65,TARGET
C0871,Frequent Shopper,34,6098.65,0.6055,0.2118,0.3937,Persuadal,44.53,8.64,TARGET
C0259,Price Sensitive,7,4311.07,0.6288,0.2259,0.4029,Persuadal,45.28,8.56,TARGET
C0114,Occasional,41,5141.87,0.5243,0.1688,0.3554,Persuadal,40.94,8.49,TARGET
C0943,Price Sensitive,46,7710.38,0.555,0.186,0.369,Persuadal,42.15,8.48,TARGET
C0750,Price Sensitive,13,10034.57,0.6085,0.216,0.3925,Persuadal,44.24,8.46,TARGET
C0505,Price Sensitive,84,3935.56,0.6485,0.2413,0.4072,Persuadal,45.34,8.23,TARGET
C0274,Occasional,17,2104.88,0.5699,0.1982,0.3717,Persuadal,42.11,8.19,TARGET
C0698,Price Sensitive,20,6261.77,0.6084,0.2196,0.3888,Persuadal,43.64,8.19,TARGET
C0874,Frequent Shopper,13,5797.54,0.5982,0.2165,0.3817,Persuadal,42.81,8.0,TARGET
C0768,Occasional,21,1955.42,0.6004,0.2179,0.3826,Persuadal,42.88,7.99,TARGET
C0164,Price Sensitive,34,2617.9900000000002,0.6456,0.2444,0.4011,Persuadal,44.44,7.88,TARGET
C0268,Price Sensitive,16,7318.17,0.5036,0.1657,0.3379,Persuadal,38.74,7.87,TARGET
C0796,Occasional,42,2598.88,0.5738,0.2049,0.3689,Persuadal,41.52,7.86,TARGET
C0188,Price Sensitive,4,10534.09,0.5579,0.1972,0.3607,Persuadal,40.7,7.78,TARGET
C0532,Occasional,87,1112.1,0.507,0.1703,0.3367,Persuadal,38.45,7.68,TARGET
C0121,Occasional,74,2085.5099999999998,0.576,0.2092,0.3668,Persuadal,41.1,7.63,TARGET
C0337,Occasional,27,2609.73,0.6924,0.2761,0.4164,Persuadal,45.4,7.47,TARGET
C0012,Occasional,2,2136.12,0.5258,0.1848,0.341,Persuadal,38.53,7.38,TARGET
C0972,Occasional,47,2599.93,0.5294,0.1873,0.3421,Persuadal,38.59,7.34,TARGET
C0536,Occasional,22,1325.13,0.4983,0.1709,0.3274,Persuadal,37.2,7.27,TARGET
C0242,Occasional,50,1265.18,0.5048,0.1757,0.3291,Persuadal,37.28,7.19,TARGET
C0485,Price Sensitive,5,5422.47,0.5991,0.2285,0.3706,Persuadal,40.97,7.16,TARGET
C0562,Frequent Shopper,36,7751.34,0.5953,0.2275,0.3677,Persuadal,40.62,7.07,TARGET
C0474,Occasional,125,1895.6200000000001,0.5105,0.1806,0.3299,Persuadal,37.21,7.06,TARGET
C0625,Price Sensitive,6,5554.99,0.5324,0.193,0.3394,Persuadal,38.05,7.04,TARGET
C0390,Occasional,32,1545.02,0.5744,0.2165,0.3579,Persuadal,39.71,7.03,TARGET
C0652,Price Sensitive,3,5430.1,0.5525,0.2051,0.3474,Persuadal,38.7,6.97,TARGET
C0436,Price Sensitive,44,4687.15,0.6042,0.2349,0.3694,Persuadal,40.6,6.9,TARGET
C0746,Occasional,9,2509.25,0.6419,0.2568,0.385,Persuadal,41.93,6.82,TARGET
C0910,Frequent Shopper,33,5109.02,0.6319,0.2526,0.3794,Persuadal,41.33,6.73,TARGET
C0472,Occasional,103,839.92,0.4912,0.1757,0.3156,Persuadal,35.5,6.64,TARGET
C0463,Price Sensitive,57,7370.17,0.5071,0.1863,0.3208,Persuadal,35.84,6.5,TARGET
C0464,Price Sensitive,13,6320.639999999999,0.5525,0.2118,0.3407,Persuadal,37.61,6.48,TARGET
C0525,Occasional,18,4509.33,0.5446,0.208,0.3365,Persuadal,37.19,6.44,TARGET
C0619,Occasional,6,2763.44,0.6808,0.2848,0.396,Persuadal,42.45,6.35,TARGET
C0990,Occasional,10,3970.57,0.4975,0.1833,0.3142,Persuadal,35.08,6.33,TARGET
C0582,Occasional,8,4870.58,0.5594,0.2185,0.3409,Persuadal,37.41,6.27,TARGET
C0631,Price Sensitive,39,5073.2,0.5416,0.2095,0.3321,Persuadal,36.56,6.21,TARGET
C0534,Price Sensitive,4,4380.82,0.5786,0.2337,0.3449,Persuadal,37.44,5.94,TARGET
C0581,Frequent Shopper,31,7547.03,0.4784,0.1792,0.2991,Persuadal,33.24,5.85,TARGET
C0664,Frequent Shopper,39,11731.51,0.5891,0.2411,0.3481,Persuadal,37.62,5.83,TARGET
C0362,Price Sensitive,9,3027.9700000000003,0.6152,0.2561,0.3592,Persuadal,38.58,5.79,TARGET
C0609,Price Sensitive,21,7274.2,0.4973,0.1909,0.3064,Persuadal,33.81,5.77,TARGET
C0097,Price Sensitive,14,5782.59,0.5065,0.1961,0.3104,Persuadal,34.16,5.76,TARGET
C0721,Occasional,21,2818.24,0.6764,0.2908,0.3856,Persuadal,40.9,5.74,TARGET
C0741,Frequent Shopper,9,9390.41,0.5384,0.2142,0.3242,Persuadal,35.37,5.73,TARGET
C0267,Price Sensitive,43,7508.18,0.5619,0.2275,0.3343,Persuadal,36.26,5.71,TARGET
C0368,Occasional,3,3667.7400000000002,0.4918,0.19,0.3019,Persuadal,33.25,5.61,TARGET
C0476,Occasional,9,4579.08,0.6247,0.2642,0.3605,Persuadal,38.49,5.58,TARGET
C0927,Frequent Shopper,19,6122.77,0.616,0.2596,0.3564,Persuadal,38.09,5.56,TARGET
C0893,Occasional,2,4171.63,0.5934,0.2471,0.3463,Persuadal,37.19,5.56,TARGET
C0065,Frequent Shopper,28,5680.76,0.5529,0.2253,0.3276,Persuadal,35.45,5.51,TARGET
C0533,Occasional,12,5594.16,0.531,0.2137,0.3173,Persuadal,34.49,5.47,TARGET
C0490,Occasional,20,1155.4299999999998,0.5294,0.2143,0.3151,Persuadal,34.19,5.36,TARGET
C0265,Occasional,36,4355.32,0.5332,0.2173,0.3159,Persuadal,34.19,5.29,TARGET
C0113,Occasional,94,4459.5599999999995,0.5918,0.2506,0.3412,Persuadal,36.41,5.24,TARGET
C0386,Occasional,7,625.14,0.5231,0.2126,0.3106,Persuadal,33.65,5.23,TARGET
C0672,Occasional,45,5527.83,0.5036,0.2018,0.3017,Persuadal,32.84,5.22,TARGET
C0110,High Value,4,17910.63,0.724,0.3243,0.3997,Persuadal,41.64,5.21,TARGET
C0296,Price Sensitive,49,4650.35,0.5867,0.2488,0.3379,Persuadal,36.04,5.16,TARGET
C0039,Price Sensitive,18,2630.5499999999997,0.628,0.2724,0.3556,Persuadal,37.57,5.11,TARGET
C0379,Occasional,6,1621.63,0.569,0.2398,0.3292,Persuadal,35.19,5.1,TARGET
C0119,Occasional,12,2874.65,0.6662,0.2954,0.3708,Persuadal,38.8,4.98,TARGET
C0944,Occasional,22,3627.09,0.5089,0.2082,0.3006,Persuadal,32.49,4.97,TARGET
C0753,Price Sensitive,14,5696.58,0.4588,0.185,0.2738,Persuadal,29.74,4.63,TARGET
C0479,Occasional,169,1115.42,0.4432,0.1762,0.2669,Persuadal,29.13,4.63,TARGET
C0553,Price Sensitive,41,5056.9,0.644,0.288,0.356,Persuadal,37.12,4.62,TARGET
C0429,Frequent Shopper,8,5902.38,0.5226,0.2206,0.302,Persuadal,32.27,4.62,TARGET
C0837,Occasional,49,3235.61,0.5663,0.2456,0.3207,Persuadal,33.89,4.56,TARGET
C0567,Frequent Shopper,3,13528.6,0.5341,0.2289,0.3052,Persuadal,32.41,4.47,TARGET
C0732,Occasional,41,4098.08,0.5629,0.2455,0.3174,Persuadal,33.46,4.43,TARGET
C0126,Frequent Shopper,13,5962.19,0.5435,0.235,0.3084,Persuadal,32.63,4.41,TARGET
C0199,Occasional,38,684.38,0.5196,0.2219,0.2977,Persuadal,31.66,4.4,TARGET
C0691,Frequent Shopper,13,5733.15,0.6066,0.2707,0.3359,Persuadal,35.05,4.36,TARGET
C0749,Occasional,24,1274.28,0.5244,0.2252,0.2992,Persuadal,31.74,4.35,TARGET
C0387,Frequent Shopper,22,5464.99,0.5288,0.2295,0.2992,Persuadal,31.61,4.21,TARGET
C0832,Frequent Shopper,13,9122.68,0.5924,0.2661,0.3263,Persuadal,33.95,4.12,TARGET
C0630,Frequent Shopper,8,12731.37,0.4971,0.2132,0.284,Persuadal,30.15,4.12,TARGET
C0297,Price Sensitive,23,6911.47,0.5594,0.2488,0.3106,Persuadal,32.47,4.05,TARGET
C0489,Occasional,32,3905.6,0.4798,0.2047,0.2751,Persuadal,29.27,4.04,TARGET
C0221,Price Sensitive,10,7026.41,0.4686,0.1995,0.2692,Persuadal,28.66,3.97,TARGET
C0163,Price Sensitive,25,5985.32,0.4749,0.2029,0.272,Persuadal,28.91,3.97,TARGET
C0904,Price Sensitive,2,7424.4,0.5707,0.2564,0.3144,Persuadal,32.71,3.95,TARGET
C0862,Frequent Shopper,1,9836.16,0.5282,0.2335,0.2947,Persuadal,30.89,3.9,TARGET
C0807,Occasional,31,1437.29,0.4489,0.1903,0.2586,Persuadal,27.57,3.83,TARGET
C0756,Price Sensitive,65,9076.55,0.5521,0.2477,0.3044,Persuadal,31.69,3.83,TARGET
C0130,Price Sensitive,14,9205.24,0.5019,0.2212,0.2806,Persuadal,29.45,3.72,TARGET
C0417,Frequent Shopper,14,4860.22,0.587,0.2692,0.3178,Persuadal,32.74,3.67,TARGET
C0594,Frequent Shopper,29,12041.64,0.5307,0.2389,0.2918,Persuadal,30.33,3.6,TARGET
C0354,High Value,16,12940.57,0.5372,0.243,0.2942,Persuadal,30.51,3.56,TARGET
C0355,High Value,4,21785.24,0.7254,0.3481,0.3773,Persuadal,37.94,3.52,TARGET
C0867,High Value,1,24365.14,0.7254,0.3481,0.3773,Persuadal,37.94,3.52,TARGET
C0204,Occasional,10,1286.19,0.5625,0.2582,0.3044,Persuadal,31.34,3.48,TARGET
C0273,Occasional,28,6753.12,0.5029,0.2257,0.2772,Persuadal,28.86,3.44,TARGET
C0228,Frequent Shopper,16,11002.31,0.4852,0.216,0.2692,Persuadal,28.12,3.43,TARGET
C0954,Occasional,78,641.07,0.4998,0.225,0.2748,Persuadal,28.57,3.36,TARGET
C0378,High Value,5,16930.2,0.732,0.3548,0.3772,Persuadal,37.7,3.3,TARGET
C0002,Occasional,77,518.4399999999999,0.4921,0.2219,0.2702,Persuadal,28.06,3.27,TARGET
C0112,High Value,4,20359.51,0.724,0.3512,0.3728,Persuadal,37.25,3.24,TARGET
C0793,Price Sensitive,24,3722.13,0.6261,0.2987,0.3274,Persuadal,33.03,3.1,TARGET
C0313,High Value,1,16131.41,0.7113,0.347,0.3643,Persuadal,36.28,3.03,TARGET
C0823,Frequent Shopper,2,11240.0,0.5499,0.2574,0.2925,Persuadal,29.82,3.02,TARGET
C0051,Occasional,91,2970.21,0.5393,0.2523,0.287,Persuadal,29.27,2.97,TARGET
C0985,Price Sensitive,55,4904.43,0.5533,0.2603,0.293,Persuadal,29.79,2.95,TARGET
C0572,Price Sensitive,17,4010.27,0.5965,0.2852,0.3112,Persuadal,31.36,2.88,TARGET
C0616,Occasional,46,1811.0300000000002,0.5338,0.2521,0.2817,Persuadal,28.58,2.76,TARGET
C0588,High Value,4,19612.57,0.7439,0.3698,0.3741,Persuadal,36.8,2.68,TARGET
C0812,Occasional,31,5517.43,0.456,0.2106,0.2454,Persuadal,25.19,2.63,TARGET
C0918,Occasional,1,1251.5,0.4871,0.2284,0.2586,Persuadal,26.34,2.59,TARGET
C0780,Price Sensitive,33,6951.62,0.4521,0.2103,0.2418,Persuadal,24.73,2.5,TARGET
C0848,Occasional,40,4357.89,0.5053,0.2398,0.2655,Persuadal,26.86,2.5,TARGET
C0306,Occasional,5,560.91,0.4839,0.2284,0.2555,Persuadal,25.93,2.46,TARGET
C0821,Occasional,36,1240.53,0.5544,0.2719,0.2825,Persuadal,28.04,2.14,TARGET
C0974,Frequent Shopper,5,8632.72,0.5969,0.2956,0.3013,Persuadal,29.72,2.14,TARGET
C0491,Frequent Shopper,13,5342.57,0.5514,0.2707,0.2806,Persuadal,27.83,2.11,TARGET
C0367,Occasional,81,1225.4,0.5568,0.2754,0.2815,Persuadal,27.79,1.99,TARGET
C0586,Frequent Shopper,6,6809.72,0.5975,0.2982,0.2992,Persuadal,29.37,1.97,TARGET
C0186,Price Sensitive,45,7426.99,0.4614,0.2232,0.2382,Persuadal,23.84,1.93,TARGET
C0519,Occasional,124,973.04,0.4852,0.2377,0.2475,Persuadal,24.58,1.83,TARGET
C0037,Frequent Shopper,29,10897.18,0.5564,0.2772,0.2792,Persuadal,27.43,1.83,TARGET
C0726,Occasional,78,1973.54,0.5838,0.2929,0.2909,Persuadal,28.46,1.8,TARGET
C0140,Occasional,49,1922.07,0.6261,0.3171,0.309,Persuadal,30.02,1.75,TARGET
C0166,Occasional,26,1489.8500000000001,0.41,0.197,0.213,Persuadal,21.4,1.75,TARGET
C0020,Frequent Shopper,15,10539.84,0.487,0.24,0.247,Persuadal,24.44,1.74,TARGET
C0419,Price Sensitive,14,7417.26,0.5206,0.2591,0.2614,Persuadal,25.7,1.7,TARGET
C0151,Occasional,14,2208.4,0.5648,0.2838,0.281,Persuadal,27.45,1.69,TARGET
C0552,Occasional,35,1936.75,0.4864,0.2426,0.2438,Persuadal,23.94,1.52,TARGET
C0413,Occasional,11,2683.74,0.6289,0.3228,0.3061,Persuadal,29.46,1.44,TARGET
C0929,Price Sensitive,7,3695.9,0.5875,0.3014,0.2861,Persuadal,27.55,1.33,TARGET
C0973,Price Sensitive,30,10109.17,0.456,0.2291,0.2269,Persuadal,22.17,1.27,TARGET
C0193,Occasional,97,4448.39,0.514,0.262,0.252,Persuadal,24.38,1.22,TARGET
C0416,Frequent Shopper,2,12840.08,0.5466,0.2818,0.2648,Persuadal,25.41,1.1,TARGET
C0885,Price Sensitive,19,6326.67,0.5554,0.287,0.2684,Persuadal,25.71,1.08,TARGET
C0995,Frequent Shopper,4,10863.36,0.552,0.2857,0.2663,Persuadal,25.47,1.03,TARGET
C0156,Frequent Shopper,13,7033.6900000000005,0.5456,0.2822,0.2634,Persuadal,25.21,1.03,TARGET
C0241,Occasional,31,3086.4,0.5436,0.282,0.2616,Persuadal,24.97,0.96,TARGET
C0404,Occasional,14,1999.82,0.5097,0.2636,0.2461,Persuadal,23.55,0.93,TARGET
C0327,Price Sensitive,4,5237.59,0.5032,0.2602,0.2431,Persuadal,23.27,0.92,TARGET
C0024,Frequent Shopper,10,9598.39,0.5552,0.289,0.2661,Persuadal,25.33,0.91,TARGET
C0292,High Value,5,18484.49,0.673,0.3548,0.3183,Persuadal,30.0,0.9,TARGET
C0179,Occasional,8,2224.98,0.5491,0.2886,0.2605,Persuadal,24.62,0.7,TARGET
C0240,High Value,28,15422.35,0.5193,0.2722,0.2471,Persuadal,23.4,0.69,TARGET
C0802,High Value,3,12084.289999999999,0.5052,0.2648,0.2405,Persuadal,22.78,0.66,TARGET
C0956,Frequent Shopper,10,6850.59,0.5964,0.3159,0.2805,Persuadal,26.34,0.62,TARGET
C0863,Price Sensitive,20,6112.58,0.5481,0.2902,0.2579,Persuadal,24.22,0.54,TARGET
C0725,Price Sensitive,8,4972.91,0.612,0.3266,0.2854,Persuadal,26.63,0.48,TARGET
C0246,Occasional,20,3455.37,0.5897,0.3149,0.2748,Persuadal,25.63,0.43,TARGET
C0842,Price Sensitive,2,5267.72,0.4727,0.2499,0.2228,Persuadal,20.96,0.43,TARGET
C0144,Frequent Shopper,5,12402.67,0.5284,0.282,0.2464,Persuadal,22.98,0.34,TARGET
C0574,Price Sensitive,46,3038.44,0.4071,0.2155,0.1917,Persuadal,18.01,0.28,TARGET
C0183,Occasional,40,921.19,0.4852,0.259,0.2262,Persuadal,21.1,0.27,TARGET
C0418,Frequent Shopper,7,7917.2699999999995,0.579,0.3118,0.2672,Persuadal,24.73,0.21,TARGET
C0287,Frequent Shopper,3,7656.22,0.4788,0.2564,0.2224,Persuadal,20.69,0.2,TARGET
C0398,Frequent Shopper,30,4945.64,0.5579,0.3006,0.2572,Persuadal,23.8,0.17,TARGET
C0411,Frequent Shopper,2,10904.880000000001,0.5861,0.3171,0.269,Persuadal,24.8,0.12,TARGET
C0345,Frequent Shopper,9,6579.45,0.5448,0.2991,0.2457,Persuadal,22.33,-0.25,SKIP
C0806,Price Sensitive,42,5159.54,0.395,0.2162,0.1788,Persuadal,16.31,-0.27,SKIP
C0078,High Value,2,16504.829999999998,0.5728,0.317,0.2558,Persuadal,23.08,-0.42,SKIP
C0522,Frequent Shopper,5,6860.34,0.5738,0.3179,0.2559,Persuadal,23.06,-0.44,SKIP
C0820,Frequent Shopper,1,11809.32,0.5611,0.3116,0.2495,Persuadal,22.43,-0.5,SKIP
C0388,High Value,19,20273.27,0.7673,0.4273,0.34,Persuadal,30.48,-0.59,SKIP
C0456,Frequent Shopper,2,10122.73,0.489,0.2751,0.2138,Persuadal,18.96,-0.76,SKIP
C0836,Frequent Shopper,5,12996.41,0.5002,0.2818,0.2184,Persuadal,19.33,-0.8,SKIP
C0740,Frequent Shopper,29,9556.25,0.6219,0.3497,0.2722,Persuadal,24.15,-0.82,SKIP
C0860,High Value,6,13847.13,0.5171,0.2917,0.2254,Persuadal,19.93,-0.83,SKIP
C0981,Frequent Shopper,12,10065.21,0.5284,0.2991,0.2293,Persuadal,20.2,-0.91,SKIP
C0254,Frequent Shopper,8,6624.150000000001,0.5461,0.3126,0.2336,Persuadal,20.32,-1.18,SKIP
C0809,Frequent Shopper,2,6268.61,0.5592,0.3207,0.2384,Persuadal,20.68,-1.25,SKIP
C0805,Frequent Shopper,9,10049.95,0.5012,0.289,0.2122,Persuadal,18.28,-1.29,SKIP
C0414,Price Sensitive,39,4331.29,0.5708,0.3282,0.2426,Persuadal,20.98,-1.33,SKIP
C0521,Price Sensitive,6,3114.99,0.6101,0.3502,0.2599,Persuadal,22.53,-1.34,SKIP
C0784,Frequent Shopper,5,11317.9,0.4899,0.2846,0.2053,Persuadal,17.53,-1.42,SKIP
C0601,High Value,25,14507.99,0.5956,0.3436,0.252,Persuadal,21.71,-1.44,SKIP
C0013,Occasional,30,1977.54,0.5471,0.3167,0.2304,Persuadal,19.76,-1.45,SKIP
C0859,Price Sensitive,27,7631.45,0.5388,0.3127,0.2262,Persuadal,19.34,-1.49,SKIP
C0728,Price Sensitive,56,4322.98,0.5296,0.3086,0.221,Persuadal,18.8,-1.57,SKIP
C0575,Occasional,59,2416.31,0.5713,0.3321,0.2392,Persuadal,20.42,-1.59,SKIP
C0445,Occasional,13,4470.66,0.4717,0.2776,0.1941,Persuadal,16.29,-1.65,SKIP
C0982,Price Sensitive,21,6997.95,0.4901,0.2882,0.2019,Persuadal,16.98,-1.68,SKIP
C0068,Occasional,19,1349.25,0.486,0.2865,0.1995,Persuadal,16.72,-1.72,SKIP
C0086,Frequent Shopper,19,13450.44,0.5457,0.3203,0.2255,Persuadal,19.0,-1.76,SKIP
C0933,Occasional,22,2030.23,0.5958,0.3486,0.2472,Persuadal,20.92,-1.8,SKIP
C0514,Occasional,30,2968.2,0.6478,0.3778,0.27,Persuadal,22.95,-1.83,SKIP
C0029,Price Sensitive,15,4972.18,0.5172,0.3057,0.2115,Persuadal,17.66,-1.86,SKIP
C0347,Price Sensitive,43,4102.23,0.5241,0.3107,0.2135,Persuadal,17.75,-1.94,SKIP
C0647,Price Sensitive,1,3009.75,0.5731,0.3382,0.2349,Persuadal,19.65,-1.97,SKIP
C0852,Price Sensitive,20,7666.3099999999995,0.541,0.321,0.22,Persuadal,18.26,-2.01,SKIP
C0294,Frequent Shopper,1,8899.08,0.5399,0.3214,0.2184,Persuadal,18.05,-2.09,SKIP
C0147,Price Sensitive,15,5468.02,0.5199,0.3109,0.209,Persuadal,17.15,-2.13,SKIP
C0640,Frequent Shopper,1,8055.8,0.6154,0.3643,0.2511,Persuadal,20.91,-2.16,SKIP
C0650,Frequent Shopper,25,5372.7,0.5707,0.3401,0.2306,Persuadal,19.03,-2.2,SKIP
C0145,Frequent Shopper,20,9590.77,0.5979,0.3555,0.2425,Persuadal,20.08,-2.22,SKIP
C0884,High Value,19,17412.28,0.5696,0.3397,0.2299,Persuadal,18.95,-2.22,SKIP
C0752,Occasional,31,2048.46,0.5263,0.3157,0.2105,Persuadal,17.2,-2.23,SKIP
C0683,High Value,3,14927.36,0.6349,0.3763,0.2585,Persuadal,21.5,-2.25,SKIP
C0952,Price Sensitive,6,4788.87,0.5484,0.3287,0.2198,Persuadal,17.98,-2.27,SKIP
C0238,High Value,7,16189.83,0.6481,0.3855,0.2626,Persuadal,21.73,-2.38,SKIP
C0907,Occasional,3,1416.08,0.5328,0.3216,0.2111,Persuadal,17.08,-2.39,SKIP
C0421,Price Sensitive,7,2946.0299999999997,0.5419,0.3268,0.2151,Persuadal,17.43,-2.4,SKIP
C0096,Frequent Shopper,19,16965.84,0.6304,0.3764,0.254,Persuadal,20.9,-2.43,SKIP
C0678,Frequent Shopper,6,9998.51,0.5509,0.3326,0.2183,Persuadal,17.66,-2.46,SKIP
C0401,High Value,2,21500.48,0.7555,0.4489,0.3066,Persuadal,25.4,-2.66,SKIP
C0209,High Value,10,15214.539999999999,0.6191,0.3735,0.2456,Persuadal,19.89,-2.68,SKIP
C0618,Frequent Shopper,11,7150.9,0.5836,0.3538,0.2298,Persuadal,18.47,-2.68,SKIP
C0332,Price Sensitive,11,6649.86,0.5124,0.3159,0.1965,Persuadal,15.36,-2.8,SKIP
C0406,Occasional,17,3240.77,0.5892,0.3591,0.2301,Persuadal,18.34,-2.84,SKIP
C0899,High Value,3,19877.1,0.7493,0.4497,0.2995,Persuadal,24.45,-2.97,SKIP
C0873,Price Sensitive,34,2744.43,0.3609,0.2355,0.1254,Persuadal,8.69,-3.08,SKIP
C0964,Frequent Shopper,2,8380.82,0.5883,0.3622,0.2261,Persuadal,17.72,-3.11,SKIP
C0705,High Value,17,15805.82,0.5975,0.3674,0.2301,Persuadal,18.06,-3.12,SKIP
C0333,High Value,1,11130.39,0.5586,0.3466,0.212,Persuadal,16.39,-3.17,SKIP
C0738,Occasional,46,1703.1799999999998,0.4123,0.2652,0.1471,Persuadal,10.55,-3.17,SKIP
C0081,Occasional,145,1269.01,0.3862,0.2523,0.1339,Persuadal,9.26,-3.28,SKIP
C0887,Price Sensitive,11,6675.59,0.5543,0.346,0.2083,Persuadal,15.92,-3.3,SKIP
C0272,Occasional,30,2278.15,0.4497,0.288,0.1617,Persuadal,11.73,-3.31,SKIP
C0105,Occasional,148,639.27,0.385,0.2523,0.1327,Persuadal,9.1,-3.33,SKIP
C0959,High Value,4,20797.19,0.7387,0.4489,0.2898,Persuadal,23.21,-3.34,SKIP
C0776,High Value,17,17145.4,0.6365,0.3924,0.2441,Persuadal,19.08,-3.36,SKIP
C0770,Occasional,80,1431.73,0.5317,0.3349,0.1968,Persuadal,14.78,-3.41,SKIP
C0495,Frequent Shopper,1,6990.26,0.5747,0.3602,0.2145,Persuadal,16.27,-3.52,SKIP
C0276,Price Sensitive,4,2219.15,0.5141,0.3277,0.1864,Persuadal,13.65,-3.6,SKIP
C0253,Occasional,8,2328.96,0.5632,0.3559,0.2073,Persuadal,15.46,-3.67,SKIP
C0800,Occasional,7,2200.95,0.5002,0.3213,0.1789,Persuadal,12.88,-3.7,SKIP
C0089,Occasional,63,2096.85,0.5203,0.3339,0.1865,Persuadal,13.46,-3.8,SKIP
C0595,Occasional,147,1175.67,0.3734,0.2523,0.1211,Persuadal,7.59,-3.8,SKIP
C0245,High Value,11,12991.01,0.4417,0.2902,0.1515,Persuadal,10.31,-3.8,SKIP
C0769,Frequent Shopper,12,6278.83,0.542,0.3464,0.1956,Persuadal,14.25,-3.83,SKIP
C0833,High Value,9,10770.85,0.5685,0.3622,0.2063,Persuadal,15.14,-3.91,SKIP
C0123,Frequent Shopper,36,3516.06,0.5026,0.327,0.1756,Persuadal,12.27,-4.02,SKIP
C0317,Frequent Shopper,2,7414.57,0.5653,0.3643,0.201,Persuadal,14.36,-4.2,SKIP
C0384,Occasional,35,3662.63,0.5906,0.3783,0.2123,Persuadal,15.39,-4.2,SKIP
C0279,Price Sensitive,80,5633.35,0.5843,0.3758,0.2085,Persuadal,14.97,-4.27,SKIP
C0101,High Value,1,17758.32,0.6114,0.3913,0.22,Persuadal,15.97,-4.31,SKIP
C0689,Price Sensitive,20,5432.65,0.5765,0.373,0.2035,Persuadal,14.4,-4.39,SKIP
C0470,Occasional,9,2477.57,0.4831,0.3216,0.1615,Persuadal,10.6,-4.42,SKIP
C0611,High Value,24,15674.460000000001,0.5932,0.3836,0.2096,Persuadal,14.86,-4.48,SKIP
C0361,Frequent Shopper,21,7378.34,0.6133,0.3952,0.218,Persuadal,15.58,-4.52,SKIP
C0397,Occasional,41,2211.8999999999996,0.5021,0.3337,0.1684,Persuadal,11.11,-4.53,SKIP
C0005,High Value,3,20813.58,0.7085,0.4489,0.2596,Persuadal,19.26,-4.57,SKIP
C0735,Frequent Shopper,14,6184.53,0.5796,0.3773,0.2023,Persuadal,14.11,-4.57,SKIP
C0331,Frequent Shopper,12,9642.84,0.5651,0.3699,0.1952,Persuadal,13.42,-4.62,SKIP
C0965,Frequent Shopper,4,6650.58,0.6046,0.3919,0.2127,Persuadal,15.0,-4.62,SKIP
C0468,Occasional,35,1062.78,0.3094,0.2279,0.0815,Persuadal,3.2,-4.62,SKIP
C0994,Price Sensitive,7,7406.44,0.5263,0.3495,0.1768,Persuadal,11.68,-4.71,SKIP
C0694,Frequent Shopper,14,10852.33,0.6487,0.4181,0.2305,Persuadal,16.47,-4.75,SKIP
C0838,Frequent Shopper,3,11833.7,0.5208,0.3472,0.1736,Persuadal,11.34,-4.76,SKIP
C0093,Price Sensitive,9,11341.23,0.5475,0.3628,0.1847,Persuadal,12.29,-4.82,SKIP
C0938,Occasional,54,1182.37,0.3211,0.2372,0.0839,Persuadal,3.21,-4.83,SKIP
C0467,Frequent Shopper,13,8700.33,0.5562,0.3683,0.1879,Persuadal,12.52,-4.87,SKIP
C0161,Frequent Shopper,14,8809.93,0.5494,0.3649,0.1845,Persuadal,12.18,-4.9,SKIP
C0537,Occasional,12,2537.43,0.6138,0.4007,0.2131,Persuadal,14.76,-4.9,SKIP
C0314,Occasional,15,938.4000000000001,0.403,0.2839,0.1192,Persuadal,6.3,-4.91,SKIP
C0763,Frequent Shopper,1,13266.22,0.5713,0.3779,0.1933,Persuadal,12.92,-4.96,SKIP
C0628,Price Sensitive,57,5334.85,0.5815,0.384,0.1976,Persuadal,13.27,-4.98,SKIP
C0940,Price Sensitive,19,6377.63,0.534,0.3582,0.1759,Persuadal,11.28,-5.03,SKIP
C0898,Occasional,17,3000.75,0.6202,0.4066,0.2137,Persuadal,14.64,-5.07,SKIP
C0055,Price Sensitive,29,3528.3,0.5227,0.3537,0.1689,Persuadal,10.52,-5.16,SKIP
C0371,High Value,8,20483.32,0.4103,0.2914,0.1189,Persuadal,6.01,-5.17,SKIP
C0218,Price Sensitive,50,2384.42,0.6487,0.4253,0.2234,Persuadal,15.3,-5.28,SKIP
C0660,Price Sensitive,2,7221.83,0.6113,0.4047,0.2066,Persuadal,13.78,-5.29,SKIP
C0794,Price Sensitive,13,9573.41,0.478,0.3312,0.1468,Persuadal,8.37,-5.33,SKIP
C0283,Frequent Shopper,17,11657.28,0.5748,0.3857,0.1891,Persuadal,12.12,-5.38,SKIP
C0104,Price Sensitive,38,4881.42,0.387,0.283,0.104,Persuadal,4.34,-5.5,SKIP
C0864,Frequent Shopper,29,9870.28,0.6302,0.4191,0.2111,Persuadal,13.89,-5.58,SKIP
C0486,Occasional,26,1201.31,0.4688,0.3298,0.139,Persuadal,7.39,-5.61,SKIP
C0739,Frequent Shopper,1,9444.91,0.5052,0.3503,0.1549,Persuadal,8.8,-5.63,SKIP
C0822,High Value,3,23813.34,0.6838,0.4497,0.2341,Persuadal,15.9,-5.64,SKIP
C0207,High Value,2,23120.02,0.5556,0.3788,0.1768,Persuadal,10.73,-5.66,SKIP
C0124,High Value,4,12956.32,0.5095,0.3533,0.1562,Persuadal,8.88,-5.67,SKIP
C0266,Price Sensitive,20,6751.99,0.5024,0.3511,0.1513,Persuadal,8.3,-5.8,SKIP
C0392,Frequent Shopper,2,8614.2,0.4636,0.3298,0.1338,Persuadal,6.71,-5.82,SKIP
C0908,Frequent Shopper,13,12837.470000000001,0.4995,0.3502,0.1493,Persuadal,8.07,-5.85,SKIP
C0061,Frequent Shopper,17,12586.36,0.4679,0.3331,0.1348,Persuadal,6.73,-5.89,SKIP
C0211,Price Sensitive,15,12247.51,0.561,0.385,0.176,Persuadal,10.42,-5.9,SKIP
C0745,Frequent Shopper,14,11057.85,0.5196,0.3624,0.1572,Persuadal,8.7,-5.93,SKIP
C0323,Price Sensitive,5,9190.14,0.4696,0.3357,0.134,Persuadal,6.54,-6.0,SKIP
C0232,Price Sensitive,65,5179.74,0.5844,0.3994,0.1849,Persuadal,11.12,-6.0,SKIP
C0840,Price Sensitive,16,8560.11,0.5735,0.3939,0.1796,Persuadal,10.6,-6.04,SKIP
C0455,High Value,5,15984.89,0.6213,0.4217,0.1996,Persuadal,12.3,-6.14,SKIP
C0627,Frequent Shopper,22,7348.66,0.5444,0.3797,0.1647,Persuadal,9.12,-6.18,SKIP
C0062,Frequent Shopper,8,10656.39,0.5162,0.3641,0.1521,Persuadal,7.98,-6.19,SKIP
C0772,Occasional,13,2377.96,0.4571,0.3328,0.1243,Persuadal,5.37,-6.3,SKIP
C0701,Price Sensitive,17,6557.22,0.4678,0.3397,0.1281,Persuadal,5.64,-6.37,SKIP
C0530,Occasional,42,2817.5099999999998,0.5923,0.4095,0.1828,Persuadal,10.51,-6.42,SKIP
C0181,Frequent Shopper,12,7865.27,0.609,0.4187,0.1902,Persuadal,11.18,-6.42,SKIP
C1000,Frequent Shopper,3,9466.69,0.5399,0.381,0.1588,Persuadal,8.31,-6.47,SKIP
C0592,Price Sensitive,2,6087.96,0.5827,0.4067,0.176,Persuadal,9.72,-6.6,SKIP
C0288,Price Sensitive,8,8288.22,0.5646,0.3968,0.1678,Persuadal,8.96,-6.62,SKIP
C0621,High Value,6,19957.53,0.4609,0.3398,0.1211,Persuadal,4.72,-6.66,SKIP
C0547,High Value,7,14970.49,0.5852,0.4105,0.1747,Persuadal,9.42,-6.78,SKIP
C0071,Price Sensitive,7,5631.47,0.5102,0.3693,0.1409,Persuadal,6.35,-6.82,SKIP
C0854,Occasional,48,1553.76,0.3147,0.2608,0.0539,Persuadal,-1.48,-6.83,SKIP
C0103,Frequent Shopper,22,9066.210000000001,0.5953,0.4168,0.1785,Persuadal,9.71,-6.84,SKIP
C0475,Price Sensitive,6,6191.78,0.5501,0.3923,0.1578,Persuadal,7.81,-6.88,SKIP
C0159,Frequent Shopper,19,11585.37,0.5215,0.3769,0.1446,Persuadal,6.58,-6.92,SKIP
C0697,Frequent Shopper,1,15240.05,0.5687,0.4043,0.1644,Persuadal,8.27,-7.0,SKIP
C0692,Frequent Shopper,1,9079.1,0.5979,0.4209,0.177,Persuadal,9.38,-7.03,SKIP
C0052,Price Sensitive,2,6232.47,0.5506,0.3946,0.156,Persuadal,7.49,-7.03,SKIP
C0934,Price Sensitive,25,5838.15,0.5882,0.4168,0.1715,Persuadal,8.79,-7.12,SKIP
C0343,High Value,2,18916.01,0.4067,0.317,0.0898,Persuadal,1.38,-7.19,SKIP
C0309,Price Sensitive,6,6158.96,0.5555,0.4008,0.1547,Persuadal,7.13,-7.28,SKIP
C0945,Frequent Shopper,10,8024.74,0.536,0.3901,0.1459,Persuadal,6.32,-7.29,SKIP
C0195,Frequent Shopper,5,10703.1,0.5656,0.4068,0.1589,Persuadal,7.47,-7.31,SKIP
C0358,Price Sensitive,23,5520.42,0.597,0.425,0.1719,Persuadal,8.58,-7.37,SKIP
C0905,Frequent Shopper,7,11380.31,0.5606,0.4047,0.1558,Persuadal,7.14,-7.37,SKIP
C0478,Price Sensitive,28,6296.4,0.4962,0.3693,0.1268,Persuadal,4.51,-7.39,SKIP
C0924,Price Sensitive,4,9208.17,0.5748,0.4133,0.1616,Persuadal,7.61,-7.41,SKIP
C0444,Frequent Shopper,6,12792.29,0.5208,0.3833,0.1375,Persuadal,5.45,-7.41,SKIP
C0281,Occasional,84,2601.18,0.6508,0.4556,0.1952,Persuadal,10.63,-7.42,SKIP
C0576,Occasional,104,1221.4,0.3543,0.2914,0.0629,Persuadal,-1.3,-7.45,SKIP
C0258,Price Sensitive,13,5544.24,0.542,0.3963,0.1457,Persuadal,6.09,-7.5,SKIP
C0264,Price Sensitive,2,5421.35,0.5348,0.3923,0.1426,Persuadal,5.81,-7.5,SKIP
C0729,Frequent Shopper,18,8229.18,0.5131,0.3802,0.133,Persuadal,4.96,-7.5,SKIP
C0653,Price Sensitive,1,6813.5,0.5794,0.4176,0.1618,Persuadal,7.5,-7.54,SKIP
C0559,Price Sensitive,18,6998.46,0.5081,0.3786,0.1295,Persuadal,4.55,-7.59,SKIP
C0831,Frequent Shopper,4,11119.68,0.5611,0.4088,0.1523,Persuadal,6.55,-7.64,SKIP
C0222,Price Sensitive,6,7267.46,0.5525,0.4044,0.1481,Persuadal,6.15,-7.67,SKIP
C0365,Occasional,32,3252.79,0.5559,0.4065,0.1494,Persuadal,6.24,-7.69,SKIP
C0638,Frequent Shopper,6,11836.47,0.4764,0.3633,0.1131,Persuadal,2.91,-7.75,SKIP
C0064,Frequent Shopper,34,5869.950000000001,0.5531,0.406,0.1471,Persuadal,5.96,-7.76,SKIP
C0655,Frequent Shopper,7,9029.57,0.5411,0.3995,0.1416,Persuadal,5.46,-7.77,SKIP
C0615,Occasional,9,2656.75,0.6298,0.449,0.1808,Persuadal,8.97,-7.79,SKIP
C0875,High Value,7,26066.55,0.6067,0.4363,0.1704,Persuadal,8.02,-7.8,SKIP
C0649,Price Sensitive,12,4552.58,0.5308,0.3943,0.1365,Persuadal,4.95,-7.81,SKIP
C0049,Price Sensitive,14,9293.97,0.55,0.4054,0.1446,Persuadal,5.65,-7.85,SKIP
C0383,Price Sensitive,35,7758.4400000000005,0.4781,0.366,0.1121,Persuadal,2.69,-7.88,SKIP
C0077,Price Sensitive,38,6909.1,0.5571,0.4101,0.147,Persuadal,5.81,-7.9,SKIP
C0894,Frequent Shopper,9,12471.2,0.47,0.3622,0.1078,Persuadal,2.26,-7.93,SKIP
C0555,Occasional,175,414.49,0.3419,0.2914,0.0506,Persuadal,-2.91,-7.96,SKIP
C0157,Price Sensitive,27,6397.65,0.5181,0.3909,0.1271,Persuadal,3.84,-8.08,SKIP
C0150,Frequent Shopper,24,6242.65,0.532,0.3987,0.1333,Persuadal,4.4,-8.09,SKIP
C0790,Occasional,56,1818.25,0.5333,0.3998,0.1335,Persuadal,4.38,-8.12,SKIP
C0682,Frequent Shopper,2,10997.54,0.5472,0.4076,0.1397,Persuadal,4.94,-8.12,SKIP
C0473,High Value,18,13952.53,0.4476,0.3526,0.095,Persuadal,0.9,-8.14,SKIP
C0216,Frequent Shopper,4,10428.28,0.493,0.3779,0.1151,Persuadal,2.7,-8.15,SKIP
C0426,Price Sensitive,9,2884.3,0.6364,0.4577,0.1787,Persuadal,8.4,-8.16,SKIP
C0158,Price Sensitive,44,5136.49,0.5218,0.3943,0.1275,Persuadal,3.78,-8.18,SKIP
C0986,Frequent Shopper,15,11415.33,0.5414,0.4059,0.1354,Persuadal,4.44,-8.24,SKIP
C0109,Frequent Shopper,5,6601.35,0.5466,0.4113,0.1352,Persuadal,4.24,-8.42,SKIP
C0926,High Value,11,18621.56,0.5308,0.404,0.1268,Persuadal,3.38,-8.52,SKIP
C0792,Price Sensitive,23,4450.38,0.5164,0.3959,0.1204,Persuadal,2.81,-8.52,SKIP
C0984,High Value,6,19328.19,0.5616,0.4217,0.1399,Persuadal,4.51,-8.57,SKIP
C0351,Price Sensitive,19,5265.2699999999995,0.5541,0.4176,0.1365,Persuadal,4.19,-8.57,SKIP
C0320,Frequent Shopper,14,14101.59,0.4983,0.3874,0.1109,Persuadal,1.83,-8.63,SKIP
C0866,Price Sensitive,18,5755.51,0.5079,0.3931,0.1148,Persuadal,2.16,-8.66,SKIP
C0549,Price Sensitive,7,6699.13,0.549,0.4162,0.1329,Persuadal,3.77,-8.68,SKIP
C0484,Price Sensitive,9,6952.35,0.549,0.4162,0.1329,Persuadal,3.77,-8.68,SKIP
C0715,Frequent Shopper,5,11152.33,0.4923,0.3865,0.1058,Persuadal,1.2,-8.81,SKIP
C0845,High Value,1,17109.9,0.5552,0.4217,0.1335,Persuadal,3.67,-8.83,SKIP
C0967,Price Sensitive,15,8771.7,0.5504,0.4192,0.1312,Persuadal,3.46,-8.84,SKIP
C0038,High Value,1,12690.75,0.5028,0.3929,0.1098,Persuadal,1.52,-8.86,SKIP
C0983,High Value,14,14375.72,0.7031,0.5044,0.1986,Persuadal,9.48,-8.88,SKIP
C0566,Price Sensitive,19,5294.42,0.5698,0.4311,0.1387,Persuadal,4.04,-8.93,SKIP
C0461,High Value,1,19412.01,0.5521,0.4217,0.1304,Persuadal,3.27,-8.96,SKIP
C0424,Frequent Shopper,13,7701.98,0.5468,0.4201,0.1267,Persuadal,2.84,-9.05,SKIP
C0205,Price Sensitive,19,5298.61,0.5797,0.4393,0.1404,Persuadal,4.0,-9.12,SKIP
C0507,Occasional,2,1774.7,0.4166,0.3494,0.0672,Persuadal,-2.64,-9.18,SKIP
C0482,Price Sensitive,25,6385.35,0.5842,0.4429,0.1412,Persuadal,3.99,-9.21,SKIP
C0152,Frequent Shopper,7,9370.2,0.5046,0.3995,0.1051,Persuadal,0.69,-9.26,SKIP
C0120,Price Sensitive,9,5715.06,0.5818,0.4423,0.1395,Persuadal,3.78,-9.26,SKIP
C0338,Price Sensitive,21,8213.72,0.5086,0.4022,0.1064,Persuadal,0.76,-9.3,SKIP
C0709,Frequent Shopper,10,11294.97,0.5007,0.3979,0.1028,Persuadal,0.43,-9.31,SKIP
C0543,Frequent Shopper,16,11923.22,0.5356,0.4175,0.1182,Persuadal,1.81,-9.32,SKIP
C0213,Price Sensitive,12,3842.69,0.6375,0.4743,0.1632,Persuadal,5.84,-9.34,SKIP
C0742,Frequent Shopper,13,9749.53,0.5032,0.4,0.1032,Persuadal,0.42,-9.36,SKIP
C0795,High Value,4,20513.27,0.5914,0.4497,0.1417,Persuadal,3.82,-9.41,SKIP
C0703,Frequent Shopper,5,12491.38,0.4573,0.3752,0.0821,Persuadal,-1.54,-9.41,SKIP
C0624,Frequent Shopper,2,6587.01,0.5273,0.4146,0.1128,Persuadal,1.19,-9.44,SKIP
C0717,Occasional,1,2047.8200000000002,0.4809,0.389,0.0919,Persuadal,-0.69,-9.46,SKIP
C0824,Frequent Shopper,7,12398.55,0.5134,0.408,0.1054,Persuadal,0.44,-9.53,SKIP
C0180,High Value,14,17325.32,0.6285,0.4723,0.1562,Persuadal,4.99,-9.56,SKIP
C0350,Price Sensitive,12,5477.37,0.5663,0.4384,0.128,Persuadal,2.4,-9.6,SKIP
C0877,Price Sensitive,14,3925.3,0.5874,0.4501,0.1373,Persuadal,3.23,-9.61,SKIP
C0883,High Value,1,24971.86,0.5842,0.4489,0.1353,Persuadal,3.01,-9.65,SKIP
C0041,High Value,4,19531.52,0.6105,0.4635,0.1469,Persuadal,4.06,-9.65,SKIP
C0719,High Value,9,17209.11,0.5142,0.4112,0.103,Persuadal,0.02,-9.73,SKIP
C0282,Frequent Shopper,4,9092.3,0.5448,0.4281,0.1167,Persuadal,1.27,-9.73,SKIP
C0134,Frequent Shopper,3,9175.23,0.5291,0.4196,0.1095,Persuadal,0.61,-9.74,SKIP
C0271,Occasional,54,1985.77,0.4776,0.3913,0.0863,Persuadal,-1.51,-9.77,SKIP
C0428,Occasional,38,1862.3200000000002,0.4324,0.3674,0.065,Persuadal,-3.5,-9.85,SKIP
C0198,Occasional,73,2697.07,0.5747,0.4464,0.1283,Persuadal,2.18,-9.85,SKIP
C0950,Price Sensitive,24,4125.2,0.5373,0.4264,0.111,Persuadal,0.57,-9.9,SKIP
C0830,Frequent Shopper,7,11100.49,0.5453,0.432,0.1133,Persuadal,0.69,-9.99,SKIP
C0396,Occasional,109,1491.71,0.468,0.39,0.078,Persuadal,-2.55,-10.06,SKIP
C0316,Price Sensitive,1,6752.75,0.5511,0.4366,0.1146,Persuadal,0.71,-10.09,SKIP
C0099,High Value,1,19992.46,0.5727,0.4489,0.1237,Persuadal,1.5,-10.12,SKIP
C0872,Frequent Shopper,1,5319.12,0.6541,0.4945,0.1596,Persuadal,4.71,-10.14,SKIP
C0393,Frequent Shopper,1,9569.23,0.5793,0.4529,0.1264,Persuadal,1.72,-10.14,SKIP
C0786,Occasional,38,2572.93,0.5908,0.46,0.1308,Persuadal,2.06,-10.19,SKIP
C0909,Frequent Shopper,20,10208.02,0.5115,0.4161,0.0954,Persuadal,-1.13,-10.2,SKIP
C0544,Price Sensitive,2,9455.78,0.5773,0.4528,0.1244,Persuadal,1.47,-10.22,SKIP
C0946,High Value,3,21007.29,0.5702,0.4489,0.1213,Persuadal,1.19,-10.22,SKIP
C0897,Frequent Shopper,1,6537.0,0.5517,0.4388,0.1129,Persuadal,0.41,-10.23,SKIP
C0045,Frequent Shopper,8,11686.22,0.4903,0.4047,0.0855,Persuadal,-2.05,-10.24,SKIP
C0295,High Value,4,16000.53,0.5015,0.4111,0.0904,Persuadal,-1.61,-10.24,SKIP
C0855,Frequent Shopper,29,7084.33,0.5033,0.4124,0.0909,Persuadal,-1.6,-10.27,SKIP
C0942,Price Sensitive,26,11580.3,0.5171,0.421,0.0961,Persuadal,-1.2,-10.34,SKIP
C0326,Price Sensitive,18,6766.28,0.4617,0.3905,0.0712,Persuadal,-3.46,-10.35,SKIP
C0949,Occasional,22,2464.45,0.5843,0.4591,0.1252,Persuadal,1.37,-10.39,SKIP
C0439,Price Sensitive,8,9951.99,0.5514,0.4408,0.1107,Persuadal,0.06,-10.39,SKIP
C0644,Frequent Shopper,26,9602.63,0.5389,0.4341,0.1048,Persuadal,-0.49,-10.41,SKIP
C0542,Price Sensitive,15,11788.56,0.6415,0.4912,0.1503,Persuadal,3.6,-10.42,SKIP
C0966,Frequent Shopper,15,10609.36,0.5032,0.4155,0.0877,Persuadal,-2.12,-10.5,SKIP
C0622,Frequent Shopper,1,8330.57,0.5057,0.4172,0.0885,Persuadal,-2.07,-10.52,SKIP
C0828,Frequent Shopper,14,10243.67,0.5016,0.4155,0.0861,Persuadal,-2.33,-10.56,SKIP
C0545,Price Sensitive,11,10295.77,0.5369,0.4353,0.1016,Persuadal,-0.95,-10.58,SKIP
C0025,Frequent Shopper,9,17121.45,0.6741,0.5117,0.1624,Persuadal,4.5,-10.59,SKIP
C0083,Frequent Shopper,3,12291.3,0.5294,0.4318,0.0976,Persuadal,-1.35,-10.63,SKIP
C0520,High Value,1,15748.55,0.6011,0.4727,0.1284,Persuadal,1.33,-10.71,SKIP
C0960,Price Sensitive,12,8470.78,0.468,0.3995,0.0686,Persuadal,-4.09,-10.75,SKIP
C0969,Price Sensitive,44,7193.2699999999995,0.5193,0.4281,0.0912,Persuadal,-2.07,-10.77,SKIP
C0773,High Value,3,14053.69,0.5382,0.439,0.0992,Persuadal,-1.38,-10.79,SKIP
C0963,Frequent Shopper,6,13009.17,0.5684,0.456,0.1123,Persuadal,-0.22,-10.82,SKIP
C0446,Occasional,38,3001.57,0.5307,0.4353,0.0954,Persuadal,-1.75,-10.83,SKIP
C0308,Frequent Shopper,6,10094.09,0.4938,0.4158,0.0781,Persuadal,-3.38,-10.9,SKIP
C0707,Frequent Shopper,6,14299.23,0.6555,0.5057,0.1498,Persuadal,3.05,-10.91,SKIP
C0412,Occasional,17,4521.21,0.5917,0.4704,0.1213,Persuadal,0.49,-10.92,SKIP
C0748,Price Sensitive,65,6486.429999999999,0.5073,0.4236,0.0836,Persuadal,-2.91,-10.93,SKIP
C0580,Frequent Shopper,12,8976.77,0.5151,0.4287,0.0864,Persuadal,-2.72,-10.98,SKIP
C0603,High Value,15,17568.08,0.5744,0.462,0.1124,Persuadal,-0.4,-11.01,SKIP
C0427,Frequent Shopper,2,10566.3,0.5436,0.4458,0.0978,Persuadal,-1.78,-11.07,SKIP
C0779,Price Sensitive,20,7581.11,0.4298,0.3826,0.0473,Lost Cause,-6.32,-11.07,SKIP
C0518,Occasional,21,2969.02,0.4986,0.4208,0.0778,Persuadal,-3.58,-11.08,SKIP
C0801,Price Sensitive,4,10220.42,0.5416,0.4458,0.0958,Persuadal,-2.04,-11.16,SKIP
C0493,Frequent Shopper,6,11086.98,0.5294,0.4392,0.0901,Persuadal,-2.57,-11.17,SKIP
C0201,Price Sensitive,14,3861.76,0.5908,0.4734,0.1174,Persuadal,-0.13,-11.18,SKIP
C0695,High Value,1,18432.61,0.5033,0.425,0.0783,Persuadal,-3.66,-11.19,SKIP
C0811,Occasional,30,688.89,0.256,0.2876,-0.0316,Lost Cause,-13.53,-11.19,SLEEPING DOG (DO NOT DISTURB)
C0876,High Value,4,20091.24,0.6504,0.5073,0.1431,Persuadal,2.13,-11.23,SKIP
C0681,Occasional,9,2841.71,0.5962,0.4772,0.119,Persuadal,-0.05,-11.24,SKIP
C0402,Occasional,16,2306.17,0.5699,0.4627,0.1072,Persuadal,-1.11,-11.24,SKIP
C0154,Frequent Shopper,10,5621.62,0.5353,0.4436,0.0917,Persuadal,-2.51,-11.25,SKIP
C0915,Price Sensitive,15,3285.71,0.6157,0.4883,0.1274,Persuadal,0.69,-11.26,SKIP
C0598,High Value,16,21006.18,0.4972,0.423,0.0742,Persuadal,-4.13,-11.3,SKIP
C0243,Occasional,9,1360.33,0.4891,0.4192,0.0699,Persuadal,-4.56,-11.34,SKIP
C0686,Price Sensitive,3,8953.369999999999,0.5038,0.4278,0.076,Persuadal,-4.04,-11.37,SKIP
C0356,Price Sensitive,2,3596.32,0.6148,0.4903,0.1245,Persuadal,0.25,-11.44,SKIP
C0173,Price Sensitive,30,4284.77,0.5852,0.4742,0.1111,Persuadal,-0.98,-11.46,SKIP
C0993,Frequent Shopper,7,6700.49,0.5205,0.4387,0.0818,Persuadal,-3.65,-11.5,SKIP
C0060,Frequent Shopper,6,8820.95,0.5802,0.4724,0.1078,Persuadal,-1.34,-11.53,SKIP
C0539,Frequent Shopper,14,5240.91,0.6009,0.4838,0.1171,Persuadal,-0.5,-11.53,SKIP
C0935,High Value,1,18053.86,0.4887,0.4217,0.067,Persuadal,-5.02,-11.54,SKIP
C0174,Frequent Shopper,11,11127.65,0.5197,0.4395,0.0803,Persuadal,-3.87,-11.58,SKIP
C0659,Price Sensitive,9,6458.12,0.5007,0.4298,0.0709,Persuadal,-4.77,-11.65,SKIP
C0106,Frequent Shopper,12,13016.22,0.4804,0.4193,0.0612,Persuadal,-5.7,-11.7,SKIP
C0270,Frequent Shopper,13,8479.97,0.562,0.4645,0.0975,Persuadal,-2.43,-11.7,SKIP
C0452,Price Sensitive,12,9291.6,0.5494,0.4575,0.0918,Persuadal,-2.95,-11.7,SKIP
C0939,High Value,11,21402.65,0.7631,0.5766,0.1865,Persuadal,5.53,-11.73,SKIP
C0813,High Value,6,15058.22,0.5713,0.4707,0.1006,Persuadal,-2.23,-11.77,SKIP
C0620,Price Sensitive,4,5683.77,0.5387,0.4525,0.0862,Persuadal,-3.52,-11.77,SKIP
C0891,Price Sensitive,2,6113.12,0.5092,0.4375,0.0717,Persuadal,-4.92,-11.87,SKIP
C0583,Frequent Shopper,2,12551.42,0.4973,0.4318,0.0655,Persuadal,-5.54,-11.93,SKIP
C0244,Frequent Shopper,13,10520.64,0.4509,0.4059,0.045,Lost Cause,-7.39,-11.93,SKIP
C0453,Frequent Shopper,14,8274.27,0.5215,0.4456,0.0759,Persuadal,-4.64,-11.96,SKIP
C0044,Occasional,7,2873.11,0.6331,0.5084,0.1247,Persuadal,-0.32,-12.02,SKIP
C0936,Frequent Shopper,13,7102.24,0.5412,0.4575,0.0837,Persuadal,-4.0,-12.03,SKIP
C0178,Frequent Shopper,3,9653.619999999999,0.4872,0.4278,0.0595,Persuadal,-6.2,-12.05,SKIP
C0225,Frequent Shopper,4,9745.43,0.5926,0.4866,0.106,Persuadal,-2.05,-12.08,SKIP
C0500,Occasional,12,3824.68,0.5848,0.4825,0.1022,Persuadal,-2.4,-12.09,SKIP
C0645,High Value,1,20940.68,0.5849,0.4828,0.1021,Persuadal,-2.43,-12.11,SKIP
C0448,Price Sensitive,2,7700.18,0.5182,0.4479,0.0703,Persuadal,-5.44,-12.27,SKIP
C0991,Price Sensitive,7,2836.72,0.6268,0.5096,0.1172,Persuadal,-1.34,-12.37,SKIP
C0497,Price Sensitive,51,4503.55,0.5703,0.4787,0.0916,Persuadal,-3.67,-12.4,SKIP
C0067,High Value,17,15325.07,0.5844,0.4864,0.098,Persuadal,-3.09,-12.4,SKIP
C0079,Frequent Shopper,4,7080.36,0.5867,0.4883,0.0985,Persuadal,-3.08,-12.44,SKIP
C0688,Frequent Shopper,3,11901.91,0.4677,0.4223,0.0454,Lost Cause,-7.87,-12.45,SKIP
C0675,Frequent Shopper,15,4517.2,0.6292,0.5128,0.1164,Persuadal,-1.55,-12.51,SKIP
C0184,Occasional,23,2322.46,0.4491,0.4128,0.0363,Lost Cause,-8.75,-12.51,SKIP
C0906,Occasional,30,1264.6100000000001,0.3362,0.3511,-0.0149,Lost Cause,-13.42,-12.58,SLEEPING DOG (DO NOT DISTURB)
C0565,Frequent Shopper,2,12069.58,0.4701,0.4258,0.0444,Lost Cause,-8.11,-12.6,SKIP
C0084,High Value,9,22566.31,0.57,0.4819,0.0881,Persuadal,-4.24,-12.65,SKIP
C0138,Price Sensitive,5,7057.49,0.5221,0.4559,0.0662,Persuadal,-6.25,-12.7,SKIP
C0344,Frequent Shopper,16,5257.47,0.5572,0.4761,0.0811,Persuadal,-4.95,-12.74,SKIP
C0512,Frequent Shopper,2,5968.71,0.4983,0.4436,0.0547,Persuadal,-7.35,-12.76,SKIP
C0185,Frequent Shopper,9,13230.95,0.5015,0.4469,0.0546,Persuadal,-7.47,-12.88,SKIP
C0165,High Value,1,9599.54,0.5073,0.4512,0.0562,Persuadal,-7.4,-12.95,SKIP
C0623,Frequent Shopper,10,8630.76,0.5539,0.4776,0.0763,Persuadal,-5.63,-12.99,SKIP
C0648,Price Sensitive,12,6463.09,0.5428,0.4715,0.0713,Persuadal,-6.09,-13.0,SKIP
C0477,High Value,10,14951.04,0.5637,0.4832,0.0805,Persuadal,-5.26,-13.0,SKIP
C0799,Price Sensitive,28,4467.61,0.5029,0.4507,0.0522,Persuadal,-7.9,-13.09,SKIP
C0496,Frequent Shopper,3,9825.3,0.4726,0.4338,0.0388,Lost Cause,-9.1,-13.09,SKIP
C0589,High Value,4,18191.7,0.4067,0.3976,0.0091,Lost Cause,-11.8,-13.12,SKIP
C0917,Frequent Shopper,9,10298.42,0.4957,0.4485,0.0472,Lost Cause,-8.48,-13.23,SKIP
C0290,Price Sensitive,23,3338.09,0.615,0.5155,0.0995,Persuadal,-3.84,-13.29,SKIP
C0593,High Value,11,17023.920000000002,0.5321,0.4696,0.0625,Persuadal,-7.18,-13.3,SKIP
C0073,High Value,5,22938.07,0.4196,0.4074,0.0122,Lost Cause,-11.71,-13.31,SKIP
C0670,Frequent Shopper,12,7661.0,0.5459,0.4775,0.0684,Persuadal,-6.66,-13.31,SKIP
C0634,Price Sensitive,21,7845.57,0.5748,0.494,0.0808,Persuadal,-5.58,-13.35,SKIP
C0040,Frequent Shopper,7,7679.99,0.5875,0.5011,0.0864,Persuadal,-5.08,-13.35,SKIP
C0931,High Value,6,19404.71,0.7706,0.6033,0.1673,Persuadal,2.16,-13.38,SKIP
C0714,Frequent Shopper,1,10657.03,0.4653,0.4338,0.0315,Lost Cause,-10.06,-13.39,SKIP
C0731,High Value,1,9774.39,0.5315,0.4706,0.0609,Persuadal,-7.42,-13.39,SKIP
C0788,Frequent Shopper,21,9354.02,0.5184,0.4641,0.0543,Persuadal,-8.06,-13.45,SKIP
C0819,High Value,6,22496.17,0.552,0.4828,0.0692,Persuadal,-6.72,-13.45,SKIP
C0085,Frequent Shopper,1,7819.56,0.4983,0.4529,0.0454,Lost Cause,-8.87,-13.45,SKIP
C0196,Frequent Shopper,4,9692.31,0.4464,0.4249,0.0215,Lost Cause,-11.07,-13.5,SKIP
C0604,High Value,21,12637.74,0.5362,0.4747,0.0614,Persuadal,-7.48,-13.5,SKIP
C0391,Occasional,33,3951.47,0.5971,0.5094,0.0877,Persuadal,-5.18,-13.56,SKIP
C0175,Price Sensitive,4,10868.35,0.5335,0.4745,0.0589,Persuadal,-7.8,-13.6,SKIP
C0535,Price Sensitive,32,8328.62,0.5468,0.4825,0.0644,Persuadal,-7.35,-13.64,SKIP
C0014,Frequent Shopper,9,14337.1,0.5348,0.4759,0.0589,Persuadal,-7.85,-13.65,SKIP
C0998,High Value,6,12802.92,0.5662,0.4935,0.0727,Persuadal,-6.62,-13.66,SKIP
C0826,Occasional,30,3961.2400000000002,0.5424,0.4805,0.0619,Persuadal,-7.61,-13.68,SKIP
C0912,Frequent Shopper,2,11243.9,0.5167,0.4668,0.0499,Lost Cause,-8.73,-13.72,SKIP
C0557,High Value,5,18670.63,0.6093,0.5186,0.0908,Persuadal,-5.08,-13.74,SKIP
C0747,Frequent Shopper,35,6334.76,0.5173,0.4678,0.0495,Lost Cause,-8.81,-13.76,SKIP
C0310,Frequent Shopper,19,7091.01,0.4279,0.4188,0.0091,Lost Cause,-12.5,-13.81,SKIP
C0992,Price Sensitive,24,5637.21,0.4866,0.4515,0.0351,Lost Cause,-10.16,-13.82,SKIP
C0047,Frequent Shopper,1,15100.73,0.552,0.4887,0.0634,Persuadal,-7.69,-13.88,SKIP
C0043,High Value,8,13105.34,0.5411,0.4832,0.0579,Persuadal,-8.22,-13.92,SKIP
C0849,Price Sensitive,73,6416.03,0.5542,0.4909,0.0633,Persuadal,-7.76,-13.96,SKIP
C0299,Price Sensitive,22,6631.16,0.483,0.4515,0.0315,Lost Cause,-10.64,-13.97,SKIP
C0136,Frequent Shopper,34,7029.7,0.5636,0.4964,0.0672,Persuadal,-7.44,-13.98,SKIP
C0346,Price Sensitive,5,9608.34,0.6081,0.5212,0.0869,Persuadal,-5.68,-13.99,SKIP
C0642,Frequent Shopper,6,11846.15,0.5484,0.4887,0.0598,Persuadal,-8.16,-14.03,SKIP
C0353,Price Sensitive,14,4064.3,0.5575,0.4937,0.0638,Persuadal,-7.8,-14.03,SKIP
C0724,Price Sensitive,21,5865.25,0.537,0.4824,0.0546,Persuadal,-8.63,-14.04,SKIP
C0107,Frequent Shopper,49,11687.87,0.5728,0.5035,0.0693,Persuadal,-7.39,-14.12,SKIP
C0706,Occasional,51,2812.63,0.6593,0.5514,0.1079,Persuadal,-3.92,-14.12,SKIP
C0957,Price Sensitive,4,10465.89,0.5651,0.4995,0.0656,Persuadal,-7.75,-14.15,SKIP
C0162,Price Sensitive,22,11027.8,0.524,0.4776,0.0464,Lost Cause,-9.54,-14.21,SKIP
C0200,Price Sensitive,17,4359.03,0.5802,0.509,0.0711,Persuadal,-7.33,-14.23,SKIP
C0930,Frequent Shopper,4,10030.26,0.55,0.4928,0.0572,Persuadal,-8.62,-14.27,SKIP
C0737,Frequent Shopper,9,6879.73,0.4934,0.4617,0.0317,Lost Cause,-10.94,-14.29,SKIP
C0139,Frequent Shopper,2,5069.32,0.5445,0.4904,0.0541,Persuadal,-8.95,-14.31,SKIP
C0754,Frequent Shopper,2,12412.59,0.5407,0.4887,0.0521,Persuadal,-9.16,-14.34,SKIP
C0684,Price Sensitive,27,6038.57,0.4854,0.4579,0.0276,Lost Cause,-11.36,-14.34,SKIP
C0633,Price Sensitive,30,10495.31,0.5742,0.5078,0.0663,Persuadal,-7.92,-14.39,SKIP
C0597,Price Sensitive,30,8213.32,0.4485,0.4384,0.0101,Lost Cause,-13.01,-14.42,SKIP
C0311,Frequent Shopper,3,10009.11,0.4937,0.4636,0.0301,Lost Cause,-11.21,-14.42,SKIP
C0425,High Value,2,16839.03,0.5952,0.5207,0.0745,Persuadal,-7.27,-14.47,SKIP
C0846,Frequent Shopper,11,8426.62,0.5695,0.5069,0.0625,Persuadal,-8.39,-14.51,SKIP
C0091,High Value,2,15150.41,0.5179,0.4788,0.0391,Lost Cause,-10.54,-14.55,SKIP
C0395,Frequent Shopper,3,16074.29,0.5784,0.513,0.0654,Persuadal,-8.21,-14.59,SKIP
C0677,High Value,6,23109.51,0.7152,0.5891,0.1261,Persuadal,-2.77,-14.6,SKIP
C0324,Frequent Shopper,4,12163.01,0.5354,0.4892,0.0462,Lost Cause,-9.94,-14.6,SKIP
C0003,Price Sensitive,2,6160.47,0.4177,0.4243,-0.0066,Lost Cause,-14.73,-14.63,SLEEPING DOG (DO NOT DISTURB)
C0385,Price Sensitive,13,10268.539999999999,0.5204,0.4815,0.0389,Lost Cause,-10.64,-14.64,SKIP
C0989,Frequent Shopper,7,10920.92,0.519,0.481,0.0381,Lost Cause,-10.74,-14.66,SKIP
C0743,Price Sensitive,7,7379.3,0.5264,0.4852,0.0412,Lost Cause,-10.47,-14.67,SKIP
C0373,High Value,5,20532.32,0.4149,0.4235,-0.0086,Lost Cause,-14.95,-14.69,SLEEPING DOG (DO NOT DISTURB)
C0321,Price Sensitive,5,5346.94,0.5334,0.4898,0.0436,Lost Cause,-10.31,-14.73,SKIP
C0711,Price Sensitive,27,8569.09,0.5131,0.4786,0.0344,Lost Cause,-11.14,-14.73,SKIP
C0189,Price Sensitive,34,5316.08,0.5711,0.511,0.0602,Persuadal,-8.83,-14.74,SKIP
C0789,Frequent Shopper,28,9847.22,0.5644,0.5077,0.0568,Persuadal,-9.17,-14.77,SKIP
C0449,Frequent Shopper,2,13403.91,0.4885,0.4656,0.0229,Lost Cause,-12.21,-14.78,SKIP
C0329,Frequent Shopper,3,13049.24,0.5298,0.4887,0.0411,Lost Cause,-10.59,-14.79,SKIP
C0573,Frequent Shopper,1,13442.88,0.4832,0.4634,0.0199,Lost Cause,-12.55,-14.83,SKIP
C0529,High Value,3,19169.71,0.4077,0.4217,-0.0141,Lost Cause,-15.62,-14.85,SLEEPING DOG (DO NOT DISTURB)
C0415,Price Sensitive,11,3913.98,0.5663,0.5103,0.056,Persuadal,-9.35,-14.89,SKIP
C0438,Occasional,25,1556.8799999999999,0.3606,0.3965,-0.0359,Lost Cause,-17.65,-14.92,SLEEPING DOG (DO NOT DISTURB)
C0596,Frequent Shopper,3,10676.29,0.4996,0.4739,0.0257,Lost Cause,-12.13,-14.94,SKIP
C0663,Price Sensitive,42,6843.95,0.4653,0.4551,0.0102,Lost Cause,-13.54,-14.96,SKIP
C0441,High Value,8,22604.37,0.6837,0.5766,0.107,Persuadal,-4.85,-14.97,SKIP
C0122,Occasional,21,5171.35,0.5404,0.4972,0.0433,Lost Cause,-10.59,-14.98,SKIP
C0723,High Value,5,30323.77,0.5431,0.499,0.0441,Lost Cause,-10.54,-15.0,SKIP
C0606,Frequent Shopper,9,16843.82,0.6793,0.5747,0.1046,Persuadal,-5.11,-15.01,SKIP
C0307,Price Sensitive,13,11395.47,0.5,0.4755,0.0245,Lost Cause,-12.33,-15.03,SKIP
C0131,Frequent Shopper,5,10163.7,0.5916,0.5265,0.0652,Persuadal,-8.68,-15.04,SKIP
C0561,Price Sensitive,5,10812.18,0.5585,0.5082,0.0503,Persuadal,-10.04,-15.05,SKIP
C0480,Price Sensitive,3,10646.98,0.5476,0.5022,0.0454,Sure Thing,-10.48,-15.06,SKIP
C0856,High Value,1,21358.29,0.7464,0.6134,0.133,Persuadal,-2.66,-15.11,SKIP
C0760,Price Sensitive,3,8908.63,0.5574,0.509,0.0485,Sure Thing,-10.3,-15.15,SKIP
C0791,High Value,3,13600.07,0.5402,0.4994,0.0408,Lost Cause,-10.99,-15.15,SKIP
C0090,Frequent Shopper,16,8522.52,0.5256,0.4916,0.0341,Lost Cause,-11.61,-15.17,SKIP
C0816,Price Sensitive,28,6436.9,0.4786,0.4654,0.0131,Lost Cause,-13.49,-15.17,SKIP
C0342,Frequent Shopper,13,8506.03,0.5071,0.4814,0.0257,Lost Cause,-12.37,-15.18,SKIP
C0827,Frequent Shopper,38,10546.6,0.5723,0.5178,0.0545,Persuadal,-9.8,-15.19,SKIP
C0777,Frequent Shopper,1,10320.97,0.5207,0.4892,0.0315,Lost Cause,-11.87,-15.2,SKIP
C0349,Frequent Shopper,2,9290.89,0.4863,0.4706,0.0158,Lost Cause,-13.32,-15.23,SKIP
C0219,Price Sensitive,6,6515.09,0.5262,0.4927,0.0335,Lost Cause,-11.72,-15.23,SKIP
C0027,High Value,1,19889.98,0.3727,0.4074,-0.0347,Lost Cause,-17.85,-15.23,SLEEPING DOG (DO NOT DISTURB)
C0744,Price Sensitive,24,9230.45,0.475,0.4646,0.0104,Lost Cause,-13.83,-15.26,SKIP
C0016,High Value,11,18049.74,0.378,0.4112,-0.0332,Lost Cause,-17.77,-15.29,SLEEPING DOG (DO NOT DISTURB)
C0339,Frequent Shopper,2,12368.25,0.5171,0.4887,0.0285,Lost Cause,-12.25,-15.31,SKIP
C0069,High Value,2,15273.300000000001,0.5169,0.4887,0.0282,Lost Cause,-12.28,-15.32,SKIP
C0269,Frequent Shopper,6,9823.96,0.4958,0.4775,0.0183,Lost Cause,-13.21,-15.36,SKIP
C0782,Price Sensitive,23,5479.39,0.4837,0.4714,0.0123,Lost Cause,-13.79,-15.4,SKIP
C0231,Price Sensitive,13,5386.56,0.4966,0.479,0.0176,Lost Cause,-13.35,-15.43,SKIP
C0999,Occasional,5,2947.54,0.5938,0.533,0.0608,Persuadal,-9.48,-15.44,SKIP
C0880,Frequent Shopper,1,11478.13,0.4922,0.4775,0.0147,Lost Cause,-13.68,-15.5,SKIP
C0774,Frequent Shopper,31,5961.01,0.4769,0.469,0.0079,Lost Cause,-14.29,-15.5,SKIP
C0176,High Value,13,18671.95,0.6866,0.5859,0.1007,Persuadal,-5.99,-15.54,SKIP
C0376,Frequent Shopper,7,7104.81,0.4971,0.4807,0.0164,Lost Cause,-13.57,-15.54,SKIP
C0858,Frequent Shopper,6,7469.05,0.5607,0.5164,0.0442,Sure Thing,-11.09,-15.57,SKIP
C0348,High Value,1,19039.22,0.4651,0.4635,0.0016,Lost Cause,-14.94,-15.58,SKIP
C0420,Price Sensitive,18,5706.57,0.4841,0.4746,0.0095,Lost Cause,-14.26,-15.62,SKIP
C0100,High Value,11,15111.07,0.5494,0.511,0.0384,Sure Thing,-11.67,-15.63,SKIP
C0303,Price Sensitive,1,5742.2,0.4983,0.4831,0.0151,Lost Cause,-13.81,-15.67,SKIP
C0712,Price Sensitive,7,6224.54,0.4898,0.4788,0.011,Lost Cause,-14.2,-15.69,SKIP
C0171,Price Sensitive,37,6128.06,0.4983,0.4836,0.0148,Lost Cause,-13.87,-15.7,SKIP
C0870,Occasional,49,1174.8400000000001,0.2725,0.3584,-0.0859,Sleeping Dog,-22.93,-15.71,SLEEPING DOG (DO NOT DISTURB)
C0941,Frequent Shopper,19,8107.22,0.4822,0.4749,0.0073,Lost Cause,-14.56,-15.72,SKIP
C0879,High Value,10,13548.02,0.4644,0.4656,-0.0011,Lost Cause,-15.36,-15.76,SLEEPING DOG (DO NOT DISTURB)
C0285,Price Sensitive,3,2834.36,0.6314,0.5585,0.0729,Persuadal,-8.72,-15.77,SKIP
C0247,Frequent Shopper,6,11752.25,0.4801,0.4745,0.0055,Lost Cause,-14.78,-15.78,SKIP
C0366,Frequent Shopper,12,8484.54,0.4927,0.4816,0.0111,Lost Cause,-14.29,-15.79,SKIP
C0488,Frequent Shopper,4,5855.87,0.5849,0.5336,0.0513,Persuadal,-10.72,-15.84,SKIP
C0977,Price Sensitive,3,6771.01,0.5533,0.5161,0.0372,Sure Thing,-12.0,-15.85,SKIP
C0372,High Value,7,14638.27,0.602,0.5436,0.0584,Persuadal,-10.12,-15.88,SKIP
C0046,Price Sensitive,15,5761.11,0.5263,0.5018,0.0245,Sure Thing,-13.19,-15.9,SKIP
C0325,Occasional,32,3285.64,0.4987,0.4864,0.0122,Lost Cause,-14.3,-15.9,SKIP
C0447,Occasional,34,553.76,0.256,0.3518,-0.0958,Sleeping Dog,-24.01,-15.9,SLEEPING DOG (DO NOT DISTURB)
C0817,Price Sensitive,4,6409.4400000000005,0.5098,0.4929,0.0169,Lost Cause,-13.89,-15.91,SKIP
C0197,Price Sensitive,7,4197.47,0.5265,0.5022,0.0243,Sure Thing,-13.23,-15.92,SKIP
C0755,High Value,7,19527.46,0.4954,0.485,0.0104,Lost Cause,-14.49,-15.92,SKIP
C0132,Frequent Shopper,9,14802.09,0.5498,0.5158,0.034,Sure Thing,-12.41,-15.97,SKIP
C0676,Occasional,51,3390.03,0.6106,0.55,0.0606,Persuadal,-10.05,-16.0,SKIP
C0407,Frequent Shopper,5,7184.28,0.5603,0.5222,0.0381,Sure Thing,-12.08,-16.01,SKIP
C0088,Price Sensitive,18,2424.73,0.6253,0.5586,0.0667,Persuadal,-9.54,-16.03,SKIP
C0498,High Value,3,23035.81,0.518,0.499,0.019,Lost Cause,-13.82,-16.03,SKIP
C0471,High Value,4,21289.38,0.6779,0.5891,0.0888,Persuadal,-7.64,-16.12,SKIP
C0680,Occasional,7,3545.8999999999996,0.5129,0.4979,0.0151,Lost Cause,-14.3,-16.15,SKIP
C0167,Frequent Shopper,1,6792.860000000001,0.5289,0.5067,0.0222,Sure Thing,-13.66,-16.15,SKIP
C0591,High Value,16,20215.45,0.6719,0.5863,0.0856,Persuadal,-7.97,-16.16,SKIP
C0605,High Value,5,15880.960000000001,0.5826,0.5374,0.0452,Sure Thing,-11.65,-16.21,SKIP
C0443,Frequent Shopper,29,8957.9,0.5122,0.4992,0.0129,Lost Cause,-14.62,-16.28,SKIP
C0783,Frequent Shopper,1,12073.52,0.5431,0.5169,0.0262,Sure Thing,-13.47,-16.32,SKIP
C0629,High Value,10,16226.81,0.6071,0.5528,0.0543,Persuadal,-10.97,-16.35,SKIP
C0948,Occasional,98,294.34000000000003,0.256,0.3584,-0.1024,Sleeping Dog,-25.09,-16.39,SLEEPING DOG (DO NOT DISTURB)
C0053,Occasional,111,917.08,0.256,0.3584,-0.1024,Sleeping Dog,-25.09,-16.39,SLEEPING DOG (DO NOT DISTURB)
C0685,Occasional,68,416.33000000000004,0.256,0.3584,-0.1024,Sleeping Dog,-25.09,-16.39,SLEEPING DOG (DO NOT DISTURB)
C0651,High Value,2,16974.68,0.6213,0.5625,0.0588,Persuadal,-10.69,-16.48,SKIP
C0300,High Value,1,14036.43,0.4616,0.4741,-0.0125,Lost Cause,-17.13,-16.5,SLEEPING DOG (DO NOT DISTURB)
C0063,Occasional,10,2136.93,0.5096,0.501,0.0086,Sure Thing,-15.24,-16.52,SKIP
C0759,Occasional,45,3407.73,0.595,0.5489,0.0461,Sure Thing,-11.9,-16.55,SKIP
C0141,Occasional,15,2485.92,0.5478,0.5231,0.0247,Sure Thing,-13.86,-16.58,SKIP
C0236,Price Sensitive,24,4657.1,0.5603,0.5302,0.0301,Sure Thing,-13.39,-16.6,SKIP
C0017,Frequent Shopper,17,4991.38,0.5308,0.514,0.0167,Sure Thing,-14.61,-16.61,SKIP
C0223,High Value,9,10906.1,0.5603,0.5307,0.0296,Sure Thing,-13.47,-16.63,SKIP
C0818,Frequent Shopper,10,4816.96,0.5949,0.5506,0.0443,Sure Thing,-12.2,-16.68,SKIP
C0751,High Value,14,20926.68,0.6324,0.5716,0.0608,Persuadal,-10.73,-16.69,SKIP
C0129,High Value,3,20844.15,0.6641,0.5891,0.075,Persuadal,-9.45,-16.69,SKIP
C0637,Price Sensitive,2,5407.91,0.5578,0.5303,0.0274,Sure Thing,-13.74,-16.71,SKIP
C0277,Price Sensitive,6,6234.34,0.5735,0.5391,0.0343,Sure Thing,-13.13,-16.72,SKIP
C0442,Occasional,1,3347.57,0.6128,0.5613,0.0514,Persuadal,-11.62,-16.74,SKIP
C0671,High Value,2,26366.71,0.7049,0.6134,0.0915,Persuadal,-8.08,-16.81,SKIP
C0494,High Value,6,19458.93,0.3482,0.4153,-0.0671,Sleeping Dog,-22.34,-16.81,SLEEPING DOG (DO NOT DISTURB)
C0160,Price Sensitive,9,9616.24,0.5238,0.5131,0.0107,Sure Thing,-15.37,-16.83,SKIP
C0506,High Value,1,16593.32,0.6106,0.5625,0.0482,Sure Thing,-12.08,-16.91,SKIP
C0980,Price Sensitive,13,12467.95,0.4637,0.4814,-0.0176,Lost Cause,-18.03,-16.95,SLEEPING DOG (DO NOT DISTURB)
C0730,High Value,1,21447.76,0.6576,0.5891,0.0685,Persuadal,-10.29,-16.95,SKIP
C0492,Price Sensitive,34,9083.48,0.5163,0.5111,0.0052,Sure Thing,-16.02,-16.99,SKIP
C0610,Price Sensitive,12,6945.09,0.4942,0.499,-0.0048,Lost Cause,-16.93,-17.0,SLEEPING DOG (DO NOT DISTURB)
C0234,Frequent Shopper,3,9418.99,0.5631,0.5373,0.0257,Sure Thing,-14.19,-17.01,SKIP
C0330,Frequent Shopper,6,10356.710000000001,0.5861,0.5517,0.0344,Sure Thing,-13.53,-17.12,SKIP
C0028,Price Sensitive,1,6179.6,0.5291,0.5202,0.0089,Sure Thing,-15.84,-17.13,SKIP
C0869,Occasional,100,3937.02,0.5483,0.531,0.0173,Sure Thing,-15.08,-17.14,SKIP
C0168,High Value,10,22257.92,0.3953,0.446,-0.0507,Sleeping Dog,-21.19,-17.14,SLEEPING DOG (DO NOT DISTURB)
C0430,High Value,6,18199.5,0.4607,0.4824,-0.0218,Lost Cause,-18.61,-17.15,SLEEPING DOG (DO NOT DISTURB)
C0988,Frequent Shopper,10,7425.86,0.5206,0.5162,0.0043,Sure Thing,-16.3,-17.19,SKIP
C0249,Occasional,12,1142.22,0.5505,0.5329,0.0176,Sure Thing,-15.12,-17.2,SKIP
C0056,Occasional,45,3584.63,0.5631,0.5404,0.0227,Sure Thing,-14.69,-17.23,SKIP
C0886,High Value,4,13012.91,0.5183,0.5154,0.0028,Sure Thing,-16.47,-17.23,SKIP
C0284,High Value,2,15794.44,0.6153,0.5697,0.0456,Sure Thing,-12.66,-17.26,SKIP
C0928,Price Sensitive,6,4201.58,0.6252,0.5756,0.0497,Sure Thing,-12.31,-17.28,SKIP
C0758,Price Sensitive,9,4950.7,0.5999,0.5633,0.0366,Sure Thing,-13.63,-17.41,SKIP
C0169,High Value,5,11244.94,0.487,0.5009,-0.0139,Sure Thing,-18.19,-17.44,SLEEPING DOG (DO NOT DISTURB)
C0206,High Value,15,15232.3,0.5643,0.5439,0.0204,Sure Thing,-15.1,-17.44,SKIP
C0469,Frequent Shopper,4,10312.960000000001,0.4622,0.4883,-0.026,Lost Cause,-19.35,-17.51,SLEEPING DOG (DO NOT DISTURB)
C0970,Frequent Shopper,7,11581.89,0.4801,0.4986,-0.0185,Lost Cause,-18.7,-17.54,SLEEPING DOG (DO NOT DISTURB)
C0900,High Value,7,14986.52,0.555,0.5402,0.0148,Sure Thing,-15.71,-17.55,SKIP
C0170,Price Sensitive,33,4802.82,0.5425,0.5339,0.0087,Sure Thing,-16.31,-17.59,SKIP
C0328,Price Sensitive,5,8326.36,0.5637,0.5456,0.0181,Sure Thing,-15.46,-17.59,SKIP
C0613,Price Sensitive,5,8867.35,0.5478,0.5376,0.0102,Sure Thing,-16.23,-17.65,SKIP
C0696,Price Sensitive,24,7445.74,0.4438,0.4802,-0.0365,Lost Cause,-20.45,-17.68,SLEEPING DOG (DO NOT DISTURB)
C0764,Price Sensitive,3,13105.92,0.6139,0.5751,0.0388,Sure Thing,-13.72,-17.71,SKIP
C0102,Price Sensitive,8,10770.88,0.4283,0.4729,-0.0446,Lost Cause,-21.28,-17.77,SLEEPING DOG (DO NOT DISTURB)
C0839,Price Sensitive,3,15428.8,0.5404,0.5359,0.0046,Sure Thing,-16.91,-17.82,SKIP
C0913,Price Sensitive,4,6251.89,0.5012,0.5141,-0.0129,Sure Thing,-18.49,-17.83,SLEEPING DOG (DO NOT DISTURB)
C0922,Frequent Shopper,4,10518.22,0.5172,0.5231,-0.0059,Sure Thing,-17.87,-17.83,SLEEPING DOG (DO NOT DISTURB)
C0483,Frequent Shopper,3,7019.99,0.4983,0.5137,-0.0154,Sure Thing,-18.8,-17.91,SLEEPING DOG (DO NOT DISTURB)
C0829,Price Sensitive,4,6433.68,0.4431,0.4831,-0.04,Lost Cause,-21.01,-17.92,SLEEPING DOG (DO NOT DISTURB)
C0803,Price Sensitive,12,7714.91,0.4566,0.4914,-0.0348,Lost Cause,-20.6,-17.97,SLEEPING DOG (DO NOT DISTURB)
C0133,High Value,5,15139.39,0.6419,0.5944,0.0476,Sure Thing,-13.2,-17.98,SKIP
C0007,High Value,3,16586.39,0.5127,0.5228,-0.0101,Sure Thing,-18.4,-17.99,SLEEPING DOG (DO NOT DISTURB)
C0713,Frequent Shopper,10,5942.139999999999,0.5399,0.538,0.0019,Sure Thing,-17.34,-18.0,SKIP
C0021,Price Sensitive,14,7016.84,0.4935,0.5123,-0.0189,Sure Thing,-19.2,-18.01,SLEEPING DOG (DO NOT DISTURB)
C0459,High Value,2,20068.6,0.3519,0.434,-0.0821,Sleeping Dog,-24.92,-18.03,SLEEPING DOG (DO NOT DISTURB)
C0865,Frequent Shopper,3,9307.19,0.3996,0.4606,-0.061,Sleeping Dog,-23.02,-18.04,SLEEPING DOG (DO NOT DISTURB)
C0643,Frequent Shopper,3,10985.85,0.5176,0.5265,-0.0089,Sure Thing,-18.37,-18.07,SLEEPING DOG (DO NOT DISTURB)
C0203,High Value,13,20027.27,0.4008,0.4624,-0.0616,Sleeping Dog,-23.16,-18.12,SLEEPING DOG (DO NOT DISTURB)
C0022,High Value,16,19354.17,0.666,0.6103,0.0557,Persuadal,-12.66,-18.17,SKIP
C0466,Frequent Shopper,2,8661.71,0.5364,0.5392,-0.0029,Sure Thing,-17.99,-18.24,SLEEPING DOG (DO NOT DISTURB)
C0315,Occasional,71,1397.76,0.3253,0.4224,-0.0971,Sleeping Dog,-26.49,-18.26,SLEEPING DOG (DO NOT DISTURB)
C0305,Price Sensitive,5,6876.61,0.4537,0.4939,-0.0402,Lost Cause,-21.39,-18.28,SLEEPING DOG (DO NOT DISTURB)
C0658,Frequent Shopper,7,10292.47,0.4769,0.5069,-0.0301,Sure Thing,-20.49,-18.29,SLEEPING DOG (DO NOT DISTURB)
C0932,Occasional,4,4015.45,0.5617,0.5542,0.0076,Sure Thing,-17.12,-18.3,SKIP
C0431,High Value,10,11892.54,0.465,0.5008,-0.0357,Sure Thing,-21.03,-18.32,SLEEPING DOG (DO NOT DISTURB)
C0626,Frequent Shopper,3,13904.25,0.5519,0.5491,0.0028,Sure Thing,-17.58,-18.33,SKIP
C0094,Price Sensitive,6,8623.62,0.407,0.4692,-0.0622,Sleeping Dog,-23.47,-18.37,SLEEPING DOG (DO NOT DISTURB)
C0590,High Value,3,23212.02,0.3841,0.4567,-0.0726,Sleeping Dog,-24.41,-18.38,SLEEPING DOG (DO NOT DISTURB)
C0798,Price Sensitive,1,7242.54,0.4431,0.4896,-0.0465,Lost Cause,-22.07,-18.39,SLEEPING DOG (DO NOT DISTURB)
C0380,Frequent Shopper,3,12444.91,0.4633,0.5008,-0.0375,Sure Thing,-21.26,-18.39,SLEEPING DOG (DO NOT DISTURB)
C0304,Price Sensitive,26,4826.64,0.6001,0.577,0.0231,Sure Thing,-15.83,-18.41,SKIP
C0237,Frequent Shopper,1,11175.93,0.4475,0.4928,-0.0453,Lost Cause,-22.03,-18.45,SLEEPING DOG (DO NOT DISTURB)
C0214,Frequent Shopper,10,9729.78,0.4247,0.481,-0.0563,Sleeping Dog,-23.07,-18.51,SLEEPING DOG (DO NOT DISTURB)
C0278,Price Sensitive,8,8222.07,0.5032,0.5246,-0.0214,Sure Thing,-19.93,-18.51,SLEEPING DOG (DO NOT DISTURB)
C0034,Occasional,136,1185.96,0.3765,0.4541,-0.0777,Sleeping Dog,-24.99,-18.51,SLEEPING DOG (DO NOT DISTURB)
C0423,High Value,11,18908.76,0.6663,0.6152,0.0511,Persuadal,-13.43,-18.52,SKIP
C0434,High Value,14,14051.47,0.5122,0.5298,-0.0177,Sure Thing,-19.62,-18.53,SLEEPING DOG (DO NOT DISTURB)
C0955,Frequent Shopper,8,4882.24,0.5341,0.5428,-0.0088,Sure Thing,-18.88,-18.59,SLEEPING DOG (DO NOT DISTURB)
C0341,Frequent Shopper,8,9200.22,0.5145,0.532,-0.0175,Sure Thing,-19.66,-18.59,SLEEPING DOG (DO NOT DISTURB)
C0771,High Value,1,17710.88,0.6137,0.5872,0.0265,Sure Thing,-15.72,-18.6,SKIP
C0374,Price Sensitive,5,6165.09,0.5374,0.5448,-0.0074,Sure Thing,-18.76,-18.6,SLEEPING DOG (DO NOT DISTURB)
C0704,High Value,2,16536.89,0.5667,0.5625,0.0043,Sure Thing,-17.82,-18.7,SKIP
C0733,Price Sensitive,14,5776.99,0.5607,0.5603,0.0004,Sure Thing,-18.25,-18.79,SKIP
C0357,High Value,3,15894.27,0.4932,0.5228,-0.0295,Sure Thing,-20.94,-18.79,SLEEPING DOG (DO NOT DISTURB)
C0570,Frequent Shopper,6,14181.0,0.5027,0.5286,-0.0259,Sure Thing,-20.66,-18.83,SLEEPING DOG (DO NOT DISTURB)
C0868,High Value,9,12371.96,0.4445,0.4964,-0.0519,Sleeping Dog,-23.0,-18.84,SLEEPING DOG (DO NOT DISTURB)
C0335,High Value,2,16947.98,0.6073,0.5868,0.0205,Sure Thing,-16.5,-18.84,SKIP
C0015,High Value,2,24242.82,0.4406,0.4947,-0.0541,Sleeping Dog,-23.24,-18.87,SLEEPING DOG (DO NOT DISTURB)
C0527,Frequent Shopper,7,13634.15,0.4961,0.5261,-0.03,Sure Thing,-21.11,-18.91,SLEEPING DOG (DO NOT DISTURB)
C0009,Price Sensitive,9,9347.89,0.4725,0.5131,-0.0406,Sure Thing,-22.07,-18.92,SLEEPING DOG (DO NOT DISTURB)
C0722,High Value,9,23612.12,0.3853,0.4648,-0.0796,Sleeping Dog,-25.59,-18.94,SLEEPING DOG (DO NOT DISTURB)
C0293,Occasional,6,3425.75,0.533,0.547,-0.014,Sure Thing,-19.7,-18.94,SLEEPING DOG (DO NOT DISTURB)
C0251,Frequent Shopper,2,11107.41,0.4901,0.5231,-0.033,Sure Thing,-21.4,-18.94,SLEEPING DOG (DO NOT DISTURB)
C0851,High Value,21,22520.41,0.5772,0.5716,0.0056,Sure Thing,-17.95,-18.95,SKIP
C0118,High Value,3,13809.77,0.4227,0.4861,-0.0634,Sleeping Dog,-24.17,-18.97,SLEEPING DOG (DO NOT DISTURB)
C0540,High Value,6,16718.53,0.5423,0.5557,-0.0134,Sure Thing,-19.91,-19.2,SLEEPING DOG (DO NOT DISTURB)
C0702,High Value,6,18002.29,0.6685,0.6272,0.0412,Sure Thing,-15.1,-19.31,SKIP
C0336,High Value,4,20965.93,0.3645,0.4586,-0.0941,Sleeping Dog,-27.29,-19.33,SLEEPING DOG (DO NOT DISTURB)
C0564,High Value,2,17186.52,0.5931,0.5868,0.0063,Sure Thing,-18.35,-19.42,SKIP
C0636,Frequent Shopper,1,15815.63,0.4882,0.5286,-0.0404,Sure Thing,-22.55,-19.42,SLEEPING DOG (DO NOT DISTURB)
C0146,High Value,8,18348.54,0.3811,0.4696,-0.0885,Sleeping Dog,-26.92,-19.46,SLEEPING DOG (DO NOT DISTURB)
C0148,Price Sensitive,4,9280.48,0.4759,0.5231,-0.0472,Sure Thing,-23.26,-19.52,SLEEPING DOG (DO NOT DISTURB)
C0612,Price Sensitive,3,6043.75,0.5639,0.5721,-0.0082,Sure Thing,-19.76,-19.52,SLEEPING DOG (DO NOT DISTURB)
C0888,Frequent Shopper,11,7839.45,0.5376,0.5577,-0.0201,Sure Thing,-20.84,-19.54,SLEEPING DOG (DO NOT DISTURB)
C0765,High Value,1,20547.03,0.594,0.5891,0.0049,Sure Thing,-18.61,-19.55,SKIP
C0710,Price Sensitive,8,9647.17,0.5064,0.5407,-0.0343,Sure Thing,-22.16,-19.57,SLEEPING DOG (DO NOT DISTURB)
C0720,Price Sensitive,2,11501.22,0.4928,0.5338,-0.041,Sure Thing,-22.81,-19.62,SLEEPING DOG (DO NOT DISTURB)
C0587,High Value,2,17211.61,0.4418,0.5057,-0.0639,Sleeping Dog,-24.88,-19.63,SLEEPING DOG (DO NOT DISTURB)
C0340,High Value,3,20087.61,0.5616,0.5724,-0.0108,Sure Thing,-20.11,-19.64,SLEEPING DOG (DO NOT DISTURB)
C0850,Price Sensitive,3,8932.94,0.4982,0.5376,-0.0394,Sure Thing,-22.72,-19.67,SLEEPING DOG (DO NOT DISTURB)
C0554,Price Sensitive,3,4438.91,0.5483,0.5656,-0.0173,Sure Thing,-20.74,-19.69,SLEEPING DOG (DO NOT DISTURB)
C0058,High Value,1,15995.22,0.615,0.6037,0.0113,Sure Thing,-18.24,-19.76,SKIP
C0177,Price Sensitive,26,4457.38,0.5765,0.5836,-0.0071,Sure Thing,-19.99,-19.86,SLEEPING DOG (DO NOT DISTURB)
C0006,High Value,2,15805.67,0.4442,0.511,-0.0668,Sleeping Dog,-25.42,-19.92,SLEEPING DOG (DO NOT DISTURB)
C0937,High Value,4,22590.41,0.6283,0.6134,0.0149,Sure Thing,-18.09,-19.93,SKIP
C0042,Frequent Shopper,13,10985.5,0.4801,0.5317,-0.0516,Sleeping Dog,-24.12,-19.98,SLEEPING DOG (DO NOT DISTURB)
C0389,Price Sensitive,10,7371.6900000000005,0.4504,0.5157,-0.0653,Sleeping Dog,-25.39,-20.02,SLEEPING DOG (DO NOT DISTURB)
C0032,High Value,2,19982.66,0.5521,0.5724,-0.0203,Sure Thing,-21.36,-20.03,SLEEPING DOG (DO NOT DISTURB)
C0563,High Value,12,24045.96,0.6031,0.6012,0.002,Sure Thing,-19.39,-20.06,SKIP
C0919,Price Sensitive,12,5015.29,0.5946,0.5968,-0.0023,Sure Thing,-19.8,-20.09,SLEEPING DOG (DO NOT DISTURB)
C0996,High Value,3,15567.18,0.5429,0.5697,-0.0269,Sure Thing,-22.12,-20.21,SLEEPING DOG (DO NOT DISTURB)
C0878,Price Sensitive,1,3756.39,0.5265,0.5611,-0.0346,Sure Thing,-22.85,-20.24,SLEEPING DOG (DO NOT DISTURB)
C0881,Frequent Shopper,15,4593.47,0.3484,0.4624,-0.1139,Sleeping Dog,-29.99,-20.26,SLEEPING DOG (DO NOT DISTURB)
C0370,High Value,4,31724.2,0.6185,0.6134,0.0051,Sure Thing,-19.37,-20.33,SKIP
C0257,Occasional,3,5516.12,0.5147,0.5562,-0.0414,Sure Thing,-23.59,-20.36,SLEEPING DOG (DO NOT DISTURB)
C0528,Frequent Shopper,3,5208.95,0.4918,0.544,-0.0523,Sleeping Dog,-24.6,-20.41,SLEEPING DOG (DO NOT DISTURB)
C0286,High Value,6,17156.48,0.5686,0.5868,-0.0182,Sure Thing,-21.56,-20.42,SLEEPING DOG (DO NOT DISTURB)
C0646,Occasional,10,1697.4199999999998,0.4025,0.4949,-0.0924,Sleeping Dog,-28.25,-20.44,SLEEPING DOG (DO NOT DISTURB)
C0665,High Value,4,16692.39,0.5233,0.562,-0.0387,Sure Thing,-23.42,-20.44,SLEEPING DOG (DO NOT DISTURB)
C0381,High Value,9,20601.82,0.5931,0.6012,-0.008,Sure Thing,-20.69,-20.47,SLEEPING DOG (DO NOT DISTURB)
C0432,Price Sensitive,2,5616.99,0.5298,0.5661,-0.0363,Sure Thing,-23.23,-20.48,SLEEPING DOG (DO NOT DISTURB)
C0975,High Value,3,27027.5,0.4086,0.499,-0.0904,Sleeping Dog,-28.12,-20.49,SLEEPING DOG (DO NOT DISTURB)
C0377,Occasional,11,6046.29,0.5322,0.5688,-0.0367,Sure Thing,-23.38,-20.58,SLEEPING DOG (DO NOT DISTURB)
C0255,High Value,2,16844.83,0.5169,0.5625,-0.0456,Sure Thing,-24.34,-20.74,SLEEPING DOG (DO NOT DISTURB)
C0914,Frequent Shopper,5,7331.9800000000005,0.4935,0.5502,-0.0567,Sleeping Dog,-25.39,-20.79,SLEEPING DOG (DO NOT DISTURB)
C0568,Frequent Shopper,7,8349.69,0.5524,0.5832,-0.0308,Sure Thing,-23.08,-20.81,SLEEPING DOG (DO NOT DISTURB)
C0098,Frequent Shopper,13,12121.36,0.4581,0.5317,-0.0735,Sleeping Dog,-26.98,-20.87,SLEEPING DOG (DO NOT DISTURB)
C0135,Occasional,6,3024.63,0.3965,0.4975,-0.1009,Sleeping Dog,-29.44,-20.87,SLEEPING DOG (DO NOT DISTURB)
C0087,Price Sensitive,18,4601.48,0.5721,0.5954,-0.0234,Sure Thing,-22.51,-20.91,SLEEPING DOG (DO NOT DISTURB)
C0319,High Value,6,21157.63,0.6039,0.6134,-0.0094,Sure Thing,-21.27,-20.93,SLEEPING DOG (DO NOT DISTURB)
C0578,Occasional,1,1579.02,0.484,0.5472,-0.0631,Sleeping Dog,-26.13,-20.95,SLEEPING DOG (DO NOT DISTURB)
C0693,Price Sensitive,4,2719.2200000000003,0.6102,0.6174,-0.0072,Sure Thing,-21.12,-20.97,SLEEPING DOG (DO NOT DISTURB)
C0785,High Value,10,17660.19,0.4853,0.5494,-0.0641,Sleeping Dog,-26.33,-21.07,SLEEPING DOG (DO NOT DISTURB)
C0172,High Value,6,20273.53,0.4878,0.5509,-0.0631,Sleeping Dog,-26.24,-21.07,SLEEPING DOG (DO NOT DISTURB)
C0153,High Value,2,15718.47,0.4994,0.5576,-0.0582,Sleeping Dog,-25.83,-21.1,SLEEPING DOG (DO NOT DISTURB)
C0947,High Value,6,23097.91,0.5993,0.6134,-0.0141,Sure Thing,-21.89,-21.12,SLEEPING DOG (DO NOT DISTURB)
C0515,High Value,2,13483.49,0.4567,0.5344,-0.0777,Sleeping Dog,-27.62,-21.13,SLEEPING DOG (DO NOT DISTURB)
C0375,High Value,1,20152.34,0.5532,0.5891,-0.0359,Sure Thing,-23.93,-21.21,SLEEPING DOG (DO NOT DISTURB)
C0661,Frequent Shopper,4,13610.34,0.4352,0.5236,-0.0885,Sleeping Dog,-28.67,-21.22,SLEEPING DOG (DO NOT DISTURB)
C0149,High Value,1,22596.7,0.5575,0.5924,-0.0349,Sure Thing,-23.91,-21.28,SLEEPING DOG (DO NOT DISTURB)
C0727,High Value,7,16212.87,0.6273,0.6317,-0.0044,Sure Thing,-21.22,-21.32,SLEEPING DOG (DO NOT DISTURB)
C0202,High Value,7,16696.53,0.5291,0.5777,-0.0486,Sure Thing,-25.23,-21.36,SLEEPING DOG (DO NOT DISTURB)
C0657,Frequent Shopper,5,7755.650000000001,0.5753,0.6035,-0.0282,Sure Thing,-23.4,-21.37,SLEEPING DOG (DO NOT DISTURB)
C0226,Frequent Shopper,3,8383.76,0.5038,0.5643,-0.0605,Sleeping Dog,-26.34,-21.41,SLEEPING DOG (DO NOT DISTURB)
C0435,High Value,7,19440.96,0.6774,0.6615,0.0159,Sure Thing,-19.54,-21.47,SKIP
C0971,Price Sensitive,18,6312.15,0.4649,0.5449,-0.08,Sleeping Dog,-28.26,-21.57,SLEEPING DOG (DO NOT DISTURB)
C0961,High Value,1,19972.6,0.3926,0.5056,-0.113,Sleeping Dog,-31.29,-21.63,SLEEPING DOG (DO NOT DISTURB)
C0757,Price Sensitive,3,6143.75,0.4887,0.5593,-0.0705,Sleeping Dog,-27.49,-21.65,SLEEPING DOG (DO NOT DISTURB)
C0810,High Value,3,18731.32,0.6087,0.6272,-0.0185,Sure Thing,-22.92,-21.75,SLEEPING DOG (DO NOT DISTURB)
C0834,High Value,3,23572.12,0.4619,0.5475,-0.0856,Sleeping Dog,-29.07,-21.88,SLEEPING DOG (DO NOT DISTURB)
C0556,Frequent Shopper,7,8357.19,0.4773,0.5562,-0.0789,Sleeping Dog,-28.48,-21.89,SLEEPING DOG (DO NOT DISTURB)
C0577,High Value,2,16626.72,0.4884,0.5628,-0.0744,Sleeping Dog,-28.11,-21.92,SLEEPING DOG (DO NOT DISTURB)
C0080,High Value,2,17201.7,0.4924,0.5654,-0.073,Sleeping Dog,-28.02,-21.95,SLEEPING DOG (DO NOT DISTURB)
C0235,High Value,3,17706.05,0.5174,0.5792,-0.0618,Sleeping Dog,-27.01,-21.95,SLEEPING DOG (DO NOT DISTURB)
C0602,Frequent Shopper,9,4905.29,0.5854,0.6174,-0.032,Sure Thing,-24.36,-21.98,SLEEPING DOG (DO NOT DISTURB)
C0976,Frequent Shopper,4,8285.2,0.5032,0.5721,-0.0689,Sleeping Dog,-27.69,-22.0,SLEEPING DOG (DO NOT DISTURB)
C0523,Occasional,32,4629.5,0.5149,0.579,-0.0641,Sleeping Dog,-27.29,-22.03,SLEEPING DOG (DO NOT DISTURB)
C0546,Frequent Shopper,6,8575.3,0.4935,0.5685,-0.075,Sleeping Dog,-28.38,-22.14,SLEEPING DOG (DO NOT DISTURB)
C0440,High Value,4,13310.11,0.4449,0.5417,-0.0968,Sleeping Dog,-30.35,-22.15,SLEEPING DOG (DO NOT DISTURB)
C0656,High Value,1,22560.06,0.3592,0.4947,-0.1355,Sleeping Dog,-33.87,-22.19,SLEEPING DOG (DO NOT DISTURB)
C0382,Price Sensitive,1,5342.03,0.562,0.6083,-0.0463,Sure Thing,-25.93,-22.26,SLEEPING DOG (DO NOT DISTURB)
C0895,Price Sensitive,1,5331.87,0.5939,0.6263,-0.0324,Sure Thing,-24.69,-22.28,SLEEPING DOG (DO NOT DISTURB)
C0890,Frequent Shopper,2,10495.2,0.4524,0.5483,-0.0959,Sleeping Dog,-30.45,-22.33,SLEEPING DOG (DO NOT DISTURB)
C0010,Price Sensitive,6,4950.780000000001,0.546,0.6011,-0.0551,Sleeping Dog,-26.84,-22.39,SLEEPING DOG (DO NOT DISTURB)
C0761,High Value,16,22172.82,0.579,0.6199,-0.0409,Sure Thing,-25.6,-22.43,SLEEPING DOG (DO NOT DISTURB)
C0844,Occasional,4,2250.16,0.3696,0.5044,-0.1348,Sleeping Dog,-34.1,-22.48,SLEEPING DOG (DO NOT DISTURB)
C0639,Frequent Shopper,7,7842.25,0.5587,0.61,-0.0513,Sleeping Dog,-26.63,-22.52,SLEEPING DOG (DO NOT DISTURB)
C0192,Occasional,9,3212.52,0.5484,0.6043,-0.0559,Sleeping Dog,-27.05,-22.53,SLEEPING DOG (DO NOT DISTURB)
C0804,Price Sensitive,5,9406.49,0.6073,0.6373,-0.03,Sure Thing,-24.75,-22.55,SLEEPING DOG (DO NOT DISTURB)
C0462,Price Sensitive,3,4666.81,0.5584,0.6106,-0.0522,Sleeping Dog,-26.77,-22.58,SLEEPING DOG (DO NOT DISTURB)
C0526,Frequent Shopper,6,8275.05,0.4916,0.5753,-0.0837,Sleeping Dog,-29.74,-22.72,SLEEPING DOG (DO NOT DISTURB)
C0516,High Value,14,23970.58,0.5538,0.6102,-0.0564,Sleeping Dog,-27.31,-22.74,SLEEPING DOG (DO NOT DISTURB)
C0035,Occasional,40,4028.6400000000003,0.5166,0.5897,-0.0731,Sleeping Dog,-28.81,-22.75,SLEEPING DOG (DO NOT DISTURB)
C0360,Price Sensitive,5,7916.15,0.4958,0.5782,-0.0824,Sleeping Dog,-29.67,-22.76,SLEEPING DOG (DO NOT DISTURB)
C0302,Price Sensitive,51,4678.76,0.5289,0.5968,-0.0678,Sleeping Dog,-28.36,-22.77,SLEEPING DOG (DO NOT DISTURB)
C0050,High Value,6,28481.72,0.5579,0.6134,-0.0555,Sleeping Dog,-27.29,-22.81,SLEEPING DOG (DO NOT DISTURB)
C0666,High Value,4,14100.78,0.4498,0.5536,-0.1038,Sleeping Dog,-31.66,-22.83,SLEEPING DOG (DO NOT DISTURB)
C0458,Frequent Shopper,12,9340.33,0.4866,0.5745,-0.0879,Sleeping Dog,-30.26,-22.86,SLEEPING DOG (DO NOT DISTURB)
C0248,Occasional,127,978.35,0.3437,0.496,-0.1523,Sleeping Dog,-36.1,-22.92,SLEEPING DOG (DO NOT DISTURB)
C0778,Price Sensitive,12,8465.48,0.4862,0.5774,-0.0913,Sleeping Dog,-30.8,-23.09,SLEEPING DOG (DO NOT DISTURB)
C0312,High Value,4,22146.44,0.5498,0.6134,-0.0636,Sleeping Dog,-28.35,-23.14,SLEEPING DOG (DO NOT DISTURB)
C0291,High Value,4,21775.18,0.6159,0.6505,-0.0346,Sure Thing,-25.78,-23.17,SLEEPING DOG (DO NOT DISTURB)
C0654,Price Sensitive,9,8691.99,0.4769,0.5743,-0.0974,Sleeping Dog,-31.5,-23.24,SLEEPING DOG (DO NOT DISTURB)
C0059,High Value,3,23849.79,0.5449,0.6134,-0.0685,Sleeping Dog,-28.99,-23.33,SLEEPING DOG (DO NOT DISTURB)
C0318,High Value,3,15624.17,0.488,0.582,-0.094,Sleeping Dog,-31.3,-23.35,SLEEPING DOG (DO NOT DISTURB)
C0322,Price Sensitive,6,7321.12,0.5238,0.6035,-0.0798,Sleeping Dog,-30.14,-23.47,SLEEPING DOG (DO NOT DISTURB)
C0437,High Value,3,16485.08,0.4101,0.5408,-0.1307,Sleeping Dog,-34.75,-23.5,SLEEPING DOG (DO NOT DISTURB)
C0048,Price Sensitive,3,11598.63,0.5018,0.5923,-0.0905,Sleeping Dog,-31.18,-23.54,SLEEPING DOG (DO NOT DISTURB)
C0399,Price Sensitive,7,4644.48,0.4693,0.5743,-0.105,Sleeping Dog,-32.49,-23.55,SLEEPING DOG (DO NOT DISTURB)
C0026,Price Sensitive,3,7580.53,0.4466,0.5621,-0.1155,Sleeping Dog,-33.46,-23.58,SLEEPING DOG (DO NOT DISTURB)
C0334,High Value,5,22174.8,0.3502,0.5088,-0.1586,Sleeping Dog,-37.35,-23.59,SLEEPING DOG (DO NOT DISTURB)
C0548,Price Sensitive,6,5946.51,0.579,0.6379,-0.0589,Sleeping Dog,-28.54,-23.74,SLEEPING DOG (DO NOT DISTURB)
C0632,Occasional,1,5675.0,0.5609,0.6293,-0.0684,Sleeping Dog,-29.5,-23.85,SLEEPING DOG (DO NOT DISTURB)
C0608,Frequent Shopper,11,8654.54,0.4269,0.5549,-0.128,Sleeping Dog,-34.85,-23.85,SLEEPING DOG (DO NOT DISTURB)
C0019,Frequent Shopper,6,11091.74,0.4728,0.5812,-0.1084,Sleeping Dog,-33.15,-23.91,SLEEPING DOG (DO NOT DISTURB)
C0363,Frequent Shopper,1,4524.23,0.5244,0.6108,-0.0864,Sleeping Dog,-31.25,-23.98,SLEEPING DOG (DO NOT DISTURB)
C0422,Price Sensitive,9,6053.860000000001,0.5221,0.6103,-0.0882,Sleeping Dog,-31.47,-24.04,SLEEPING DOG (DO NOT DISTURB)
C0403,Price Sensitive,1,5025.0,0.5957,0.6512,-0.0554,Sleeping Dog,-28.52,-24.04,SLEEPING DOG (DO NOT DISTURB)
C0275,Price Sensitive,1,4091.07,0.5116,0.6049,-0.0933,Sleeping Dog,-31.96,-24.07,SLEEPING DOG (DO NOT DISTURB)
C0734,Price Sensitive,1,5239.45,0.5291,0.615,-0.0859,Sleeping Dog,-31.32,-24.1,SLEEPING DOG (DO NOT DISTURB)
C0667,Frequent Shopper,1,8512.25,0.4318,0.5611,-0.1292,Sleeping Dog,-35.22,-24.11,SLEEPING DOG (DO NOT DISTURB)
C0239,Price Sensitive,6,4359.36,0.5743,0.6406,-0.0662,Sleeping Dog,-29.58,-24.13,SLEEPING DOG (DO NOT DISTURB)
C0450,High Value,3,14940.01,0.4233,0.5576,-0.1344,Sleeping Dog,-35.78,-24.2,SLEEPING DOG (DO NOT DISTURB)
C0409,Occasional,1,8208.76,0.5564,0.6323,-0.0758,Sleeping Dog,-30.57,-24.25,SLEEPING DOG (DO NOT DISTURB)
C0465,Occasional,15,1206.29,0.3215,0.5017,-0.1802,Sleeping Dog,-39.95,-24.25,SLEEPING DOG (DO NOT DISTURB)
C0762,Frequent Shopper,6,3620.79,0.5167,0.6108,-0.0941,Sleeping Dog,-32.25,-24.3,SLEEPING DOG (DO NOT DISTURB)
C0978,High Value,4,17155.11,0.5451,0.6272,-0.0822,Sleeping Dog,-31.23,-24.35,SLEEPING DOG (DO NOT DISTURB)
C0861,Price Sensitive,1,7286.67,0.439,0.5696,-0.1306,Sleeping Dog,-35.68,-24.44,SLEEPING DOG (DO NOT DISTURB)
C0190,Frequent Shopper,8,2874.64,0.6267,0.6744,-0.0477,Sure Thing,-28.26,-24.48,SLEEPING DOG (DO NOT DISTURB)
C0433,Price Sensitive,5,7906.15,0.4944,0.6016,-0.1072,Sleeping Dog,-33.67,-24.53,SLEEPING DOG (DO NOT DISTURB)
C0018,Price Sensitive,6,5179.78,0.4047,0.5531,-0.1484,Sleeping Dog,-37.47,-24.63,SLEEPING DOG (DO NOT DISTURB)
C0558,High Value,3,15866.6,0.4221,0.5628,-0.1407,Sleeping Dog,-36.78,-24.63,SLEEPING DOG (DO NOT DISTURB)
C0033,High Value,4,19052.49,0.4207,0.562,-0.1413,Sleeping Dog,-36.84,-24.63,SLEEPING DOG (DO NOT DISTURB)
C0125,Frequent Shopper,5,8088.9400000000005,0.5754,0.6504,-0.0751,Sleeping Dog,-31.07,-24.82,SLEEPING DOG (DO NOT DISTURB)
C0230,Price Sensitive,27,4143.67,0.4792,0.5972,-0.118,Sleeping Dog,-34.94,-24.83,SLEEPING DOG (DO NOT DISTURB)
C0901,Frequent Shopper,3,9025.68,0.5147,0.6174,-0.1026,Sleeping Dog,-33.59,-24.86,SLEEPING DOG (DO NOT DISTURB)
C0301,High Value,10,22545.21,0.5282,0.6248,-0.0966,Sleeping Dog,-33.04,-24.86,SLEEPING DOG (DO NOT DISTURB)
C0968,Frequent Shopper,6,6236.71,0.5325,0.6285,-0.096,Sleeping Dog,-33.09,-24.96,SLEEPING DOG (DO NOT DISTURB)
C0111,Frequent Shopper,2,9850.84,0.473,0.5957,-0.1227,Sleeping Dog,-35.51,-24.97,SLEEPING DOG (DO NOT DISTURB)
C0280,Price Sensitive,7,8427.14,0.5305,0.6283,-0.0978,Sleeping Dog,-33.31,-25.02,SLEEPING DOG (DO NOT DISTURB)
C0502,Price Sensitive,6,5789.65,0.5265,0.6263,-0.0997,Sleeping Dog,-33.5,-25.03,SLEEPING DOG (DO NOT DISTURB)
C0289,Frequent Shopper,1,8923.29,0.4596,0.5894,-0.1298,Sleeping Dog,-36.22,-25.05,SLEEPING DOG (DO NOT DISTURB)
C0687,Price Sensitive,10,9193.76,0.4817,0.6027,-0.121,Sleeping Dog,-35.51,-25.13,SLEEPING DOG (DO NOT DISTURB)
C0902,High Value,4,20882.88,0.4562,0.5891,-0.1328,Sleeping Dog,-36.61,-25.17,SLEEPING DOG (DO NOT DISTURB)
C0364,Price Sensitive,5,8406.68,0.5008,0.6139,-0.113,Sleeping Dog,-34.83,-25.17,SLEEPING DOG (DO NOT DISTURB)
C0252,Frequent Shopper,36,4663.7,0.4898,0.6077,-0.1179,Sleeping Dog,-35.27,-25.17,SLEEPING DOG (DO NOT DISTURB)
C0987,Price Sensitive,9,3488.54,0.5408,0.6364,-0.0957,Sleeping Dog,-33.3,-25.2,SLEEPING DOG (DO NOT DISTURB)
C0920,High Value,2,18866.52,0.4795,0.6033,-0.1238,Sleeping Dog,-35.89,-25.26,SLEEPING DOG (DO NOT DISTURB)
C0673,High Value,7,30018.36,0.543,0.6388,-0.0959,Sleeping Dog,-33.4,-25.28,SLEEPING DOG (DO NOT DISTURB)
C0847,High Value,7,28134.68,0.543,0.6388,-0.0959,Sleeping Dog,-33.4,-25.28,SLEEPING DOG (DO NOT DISTURB)
C0560,Price Sensitive,1,5443.0199999999995,0.3983,0.5598,-0.1615,Sleeping Dog,-39.4,-25.38,SLEEPING DOG (DO NOT DISTURB)
C0585,Price Sensitive,7,4758.65,0.372,0.547,-0.175,Sleeping Dog,-40.75,-25.52,SLEEPING DOG (DO NOT DISTURB)
C0212,Price Sensitive,11,8507.6,0.5008,0.6187,-0.1178,Sleeping Dog,-35.61,-25.52,SLEEPING DOG (DO NOT DISTURB)
C0460,High Value,3,19553.35,0.4721,0.6037,-0.1316,Sleeping Dog,-36.92,-25.59,SLEEPING DOG (DO NOT DISTURB)
C0617,High Value,6,24978.46,0.5711,0.6598,-0.0887,Sleeping Dog,-33.15,-25.68,SLEEPING DOG (DO NOT DISTURB)
C0775,Price Sensitive,5,4984.5,0.4782,0.6083,-0.1302,Sleeping Dog,-36.89,-25.69,SLEEPING DOG (DO NOT DISTURB)
C0217,Frequent Shopper,3,10057.12,0.5547,0.6514,-0.0967,Sleeping Dog,-33.93,-25.73,SLEEPING DOG (DO NOT DISTURB)
C0699,High Value,1,19535.670000000002,0.4382,0.5868,-0.1486,Sleeping Dog,-38.6,-25.74,SLEEPING DOG (DO NOT DISTURB)
C0410,High Value,1,18737.96,0.5099,0.6272,-0.1173,Sleeping Dog,-35.83,-25.78,SLEEPING DOG (DO NOT DISTURB)
C0584,Frequent Shopper,4,8834.36,0.4889,0.6163,-0.1275,Sleeping Dog,-36.8,-25.84,SLEEPING DOG (DO NOT DISTURB)
C0260,High Value,1,19082.29,0.5091,0.6304,-0.1214,Sleeping Dog,-36.46,-26.05,SLEEPING DOG (DO NOT DISTURB)
C0921,Occasional,4,1742.37,0.3132,0.5224,-0.2092,Sleeping Dog,-44.41,-26.11,SLEEPING DOG (DO NOT DISTURB)
C0229,Occasional,14,4021.9700000000003,0.4376,0.5931,-0.1556,Sleeping Dog,-39.72,-26.23,SLEEPING DOG (DO NOT DISTURB)
C0599,High Value,9,26235.49,0.5364,0.6482,-0.1119,Sleeping Dog,-35.8,-26.24,SLEEPING DOG (DO NOT DISTURB)
C0457,High Value,8,28054.06,0.5364,0.6482,-0.1119,Sleeping Dog,-35.8,-26.24,SLEEPING DOG (DO NOT DISTURB)
C0953,High Value,6,17789.23,0.3814,0.562,-0.1807,Sleeping Dog,-41.98,-26.24,SLEEPING DOG (DO NOT DISTURB)
C0031,Price Sensitive,10,10731.99,0.4782,0.6187,-0.1405,Sleeping Dog,-38.57,-26.45,SLEEPING DOG (DO NOT DISTURB)
C0001,Frequent Shopper,2,7764.85,0.5533,0.6619,-0.1086,Sleeping Dog,-35.82,-26.56,SLEEPING DOG (DO NOT DISTURB)
C0142,Frequent Shopper,1,8917.05,0.4225,0.5895,-0.167,Sleeping Dog,-41.08,-26.57,SLEEPING DOG (DO NOT DISTURB)
C0503,Frequent Shopper,4,9824.73,0.5218,0.6455,-0.1237,Sleeping Dog,-37.26,-26.64,SLEEPING DOG (DO NOT DISTURB)
C0143,Frequent Shopper,9,8430.14,0.4495,0.6061,-0.1566,Sleeping Dog,-40.28,-26.7,SLEEPING DOG (DO NOT DISTURB)
C0700,Frequent Shopper,5,9554.03,0.5194,0.6456,-0.1262,Sleeping Dog,-37.59,-26.74,SLEEPING DOG (DO NOT DISTURB)
C0075,Price Sensitive,1,5306.17,0.3872,0.5741,-0.1869,Sleeping Dog,-43.18,-26.88,SLEEPING DOG (DO NOT DISTURB)
C0841,High Value,2,18904.91,0.4098,0.5868,-0.177,Sleeping Dog,-42.31,-26.9,SLEEPING DOG (DO NOT DISTURB)
C0882,Price Sensitive,7,4105.7,0.5082,0.6429,-0.1348,Sleeping Dog,-38.62,-27.01,SLEEPING DOG (DO NOT DISTURB)
C0405,Frequent Shopper,1,4887.7,0.5477,0.6662,-0.1185,Sleeping Dog,-37.25,-27.1,SLEEPING DOG (DO NOT DISTURB)
C0023,Frequent Shopper,1,7117.72,0.5562,0.671,-0.1148,Sleeping Dog,-36.92,-27.11,SLEEPING DOG (DO NOT DISTURB)
C0115,Price Sensitive,3,5848.86,0.4303,0.6024,-0.1721,Sleeping Dog,-42.18,-27.21,SLEEPING DOG (DO NOT DISTURB)
C0889,High Value,4,23576.41,0.4483,0.6134,-0.1651,Sleeping Dog,-41.61,-27.28,SLEEPING DOG (DO NOT DISTURB)
C0690,High Value,7,20591.89,0.3471,0.5599,-0.2127,Sleeping Dog,-46.1,-27.47,SLEEPING DOG (DO NOT DISTURB)
C0487,High Value,2,22308.77,0.4434,0.6134,-0.1699,Sleeping Dog,-42.25,-27.48,SLEEPING DOG (DO NOT DISTURB)
C0835,Frequent Shopper,4,8583.79,0.4311,0.6077,-0.1766,Sleeping Dog,-42.93,-27.56,SLEEPING DOG (DO NOT DISTURB)
C0191,High Value,1,21604.04,0.4344,0.6134,-0.179,Sleeping Dog,-43.43,-27.84,SLEEPING DOG (DO NOT DISTURB)
C0182,High Value,5,24367.04,0.518,0.6598,-0.1418,Sleeping Dog,-40.1,-27.85,SLEEPING DOG (DO NOT DISTURB)
C0635,High Value,2,18976.05,0.4152,0.6037,-0.1885,Sleeping Dog,-44.36,-27.92,SLEEPING DOG (DO NOT DISTURB)
C0030,High Value,3,21888.17,0.4297,0.6134,-0.1837,Sleeping Dog,-44.05,-28.04,SLEEPING DOG (DO NOT DISTURB)
C0004,Price Sensitive,5,4936.92,0.416,0.6067,-0.1907,Sleeping Dog,-44.75,-28.11,SLEEPING DOG (DO NOT DISTURB)
C0481,Price Sensitive,8,5044.75,0.5565,0.6851,-0.1286,Sleeping Dog,-39.19,-28.13,SLEEPING DOG (DO NOT DISTURB)
C0614,High Value,3,23975.5,0.4237,0.6134,-0.1897,Sleeping Dog,-44.83,-28.28,SLEEPING DOG (DO NOT DISTURB)
C0600,High Value,2,30825.86,0.4237,0.6134,-0.1897,Sleeping Dog,-44.83,-28.28,SLEEPING DOG (DO NOT DISTURB)
C0008,Occasional,5,4286.55,0.46,0.6349,-0.1748,Sleeping Dog,-43.59,-28.38,SLEEPING DOG (DO NOT DISTURB)
C0092,Price Sensitive,1,7121.22,0.5268,0.6763,-0.1496,Sleeping Dog,-41.65,-28.7,SLEEPING DOG (DO NOT DISTURB)
C0208,Price Sensitive,4,10645.2,0.5181,0.6717,-0.1536,Sleeping Dog,-42.03,-28.72,SLEEPING DOG (DO NOT DISTURB)
C0066,Price Sensitive,4,7855.77,0.4301,0.6231,-0.193,Sleeping Dog,-45.59,-28.74,SLEEPING DOG (DO NOT DISTURB)
C0128,Occasional,1,4818.93,0.4842,0.6549,-0.1707,Sleeping Dog,-43.71,-28.86,SLEEPING DOG (DO NOT DISTURB)
C0843,High Value,2,19689.96,0.4318,0.6272,-0.1955,Sleeping Dog,-46.04,-28.97,SLEEPING DOG (DO NOT DISTURB)
C0571,Price Sensitive,3,7908.83,0.5058,0.6684,-0.1626,Sleeping Dog,-43.09,-28.97,SLEEPING DOG (DO NOT DISTURB)
C0607,Frequent Shopper,6,7983.2,0.4079,0.6184,-0.2105,Sleeping Dog,-47.72,-29.3,SLEEPING DOG (DO NOT DISTURB)
C0095,Price Sensitive,1,7912.58,0.5318,0.6879,-0.1561,Sleeping Dog,-42.88,-29.35,SLEEPING DOG (DO NOT DISTURB)
C0057,High Value,2,22873.95,0.4634,0.6505,-0.1871,Sleeping Dog,-45.71,-29.39,SLEEPING DOG (DO NOT DISTURB)
C0579,Frequent Shopper,1,13166.82,0.5566,0.7028,-0.1462,Sleeping Dog,-42.07,-29.43,SLEEPING DOG (DO NOT DISTURB)
C0767,Price Sensitive,5,9220.07,0.5046,0.6748,-0.1702,Sleeping Dog,-44.29,-29.49,SLEEPING DOG (DO NOT DISTURB)
C0979,Frequent Shopper,1,7574.79,0.4177,0.6266,-0.2089,Sleeping Dog,-47.78,-29.5,SLEEPING DOG (DO NOT DISTURB)
C0853,Frequent Shopper,5,7491.13,0.5189,0.6847,-0.1658,Sleeping Dog,-44.04,-29.64,SLEEPING DOG (DO NOT DISTURB)
C0072,High Value,9,18774.76,0.3199,0.5743,-0.2544,Sleeping Dog,-52.02,-29.65,SLEEPING DOG (DO NOT DISTURB)
C0903,High Value,1,20586.93,0.4722,0.6598,-0.1876,Sleeping Dog,-46.08,-29.72,SLEEPING DOG (DO NOT DISTURB)
C0408,High Value,1,20144.27,0.3975,0.6208,-0.2232,Sleeping Dog,-49.46,-29.89,SLEEPING DOG (DO NOT DISTURB)
C0117,Occasional,6,4008.36,0.4274,0.6378,-0.2104,Sleeping Dog,-48.34,-29.92,SLEEPING DOG (DO NOT DISTURB)
C0011,High Value,1,20661.64,0.3824,0.6134,-0.231,Sleeping Dog,-50.23,-29.97,SLEEPING DOG (DO NOT DISTURB)
C0262,Occasional,1,3852.8,0.4723,0.6654,-0.1931,Sleeping Dog,-46.99,-30.12,SLEEPING DOG (DO NOT DISTURB)
C0394,Price Sensitive,5,9116.43,0.51,0.6863,-0.1764,Sleeping Dog,-45.48,-30.12,SLEEPING DOG (DO NOT DISTURB)
C0263,High Value,1,24331.74,0.4027,0.6272,-0.2245,Sleeping Dog,-49.83,-30.15,SLEEPING DOG (DO NOT DISTURB)
C0766,Price Sensitive,4,4952.99,0.5578,0.7175,-0.1597,Sleeping Dog,-44.32,-30.46,SLEEPING DOG (DO NOT DISTURB)
C0825,Price Sensitive,12,9352.37,0.4934,0.6866,-0.1932,Sleeping Dog,-47.68,-30.81,SLEEPING DOG (DO NOT DISTURB)
C0896,Frequent Shopper,5,11951.59,0.5144,0.7028,-0.1884,Sleeping Dog,-47.59,-31.15,SLEEPING DOG (DO NOT DISTURB)
C0538,Frequent Shopper,3,10337.01,0.4802,0.6843,-0.204,Sleeping Dog,-49.03,-31.18,SLEEPING DOG (DO NOT DISTURB)
C0511,Price Sensitive,9,8176.9800000000005,0.433,0.6583,-0.2253,Sleeping Dog,-50.96,-31.2,SLEEPING DOG (DO NOT DISTURB)
C0261,Price Sensitive,5,8085.75,0.4688,0.6824,-0.2136,Sleeping Dog,-50.21,-31.51,SLEEPING DOG (DO NOT DISTURB)
C0076,Price Sensitive,3,7442.5,0.5017,0.7009,-0.1992,Sleeping Dog,-48.94,-31.53,SLEEPING DOG (DO NOT DISTURB)
C0256,Price Sensitive,2,9023.96,0.5125,0.7077,-0.1952,Sleeping Dog,-48.64,-31.59,SLEEPING DOG (DO NOT DISTURB)
C0668,High Value,4,25781.01,0.4159,0.6598,-0.2439,Sleeping Dog,-53.44,-32.01,SLEEPING DOG (DO NOT DISTURB)
C0857,High Value,4,21882.95,0.414,0.6598,-0.2458,Sleeping Dog,-53.68,-32.09,SLEEPING DOG (DO NOT DISTURB)
C0210,High Value,3,27366.98,0.4111,0.6598,-0.2487,Sleeping Dog,-54.07,-32.21,SLEEPING DOG (DO NOT DISTURB)
C0641,High Value,2,22877.37,0.4092,0.6598,-0.2506,Sleeping Dog,-54.32,-32.29,SLEEPING DOG (DO NOT DISTURB)
C0369,High Value,3,23960.73,0.4026,0.6598,-0.2572,Sleeping Dog,-55.17,-32.55,SLEEPING DOG (DO NOT DISTURB)
C0551,Price Sensitive,2,4755.73,0.3936,0.655,-0.2614,Sleeping Dog,-55.57,-32.57,SLEEPING DOG (DO NOT DISTURB)
C0194,Price Sensitive,2,10370.37,0.4827,0.7077,-0.225,Sleeping Dog,-52.53,-32.81,SLEEPING DOG (DO NOT DISTURB)
C0925,Frequent Shopper,1,4398.41,0.3967,0.6674,-0.2707,Sleeping Dog,-57.19,-33.36,SLEEPING DOG (DO NOT DISTURB)
C0787,Price Sensitive,1,10079.11,0.4179,0.6805,-0.2625,Sleeping Dog,-56.55,-33.45,SLEEPING DOG (DO NOT DISTURB)
C0454,Occasional,1,1175.56,0.3406,0.6408,-0.3002,Sleeping Dog,-60.17,-33.68,SLEEPING DOG (DO NOT DISTURB)
C0662,Occasional,5,4310.6,0.4976,0.728,-0.2304,Sleeping Dog,-53.9,-33.69,SLEEPING DOG (DO NOT DISTURB)
C0951,Price Sensitive,1,8016.14,0.4664,0.7109,-0.2445,Sleeping Dog,-55.18,-33.71,SLEEPING DOG (DO NOT DISTURB)
C0137,Price Sensitive,3,10158.34,0.456,0.7113,-0.2553,Sleeping Dog,-56.61,-34.16,SLEEPING DOG (DO NOT DISTURB)
C0958,High Value,4,21194.24,0.3498,0.6598,-0.31,Sleeping Dog,-62.07,-34.71,SLEEPING DOG (DO NOT DISTURB)
